株式会社あくび | 株式会社あくび,akubi-office.com,https://akubi-office.com/contact/,1875143346544,1875123289248
OEC 沖縄イーコマース協議会,oec-evaluation.uh-oh.jp,https://forms.gle/DLUDB7GZ7V1Q9Ddc9,2639840135680,2639819403520
株式会社エクシード | 食品の企画開発製造は株式会社エクシードへ,exceed-confect.co.jp,https://exceed-confect.co.jp/contact/,2639820124080,2639840135680
国際ビル産業,kokusai-bs.jp,https://kokusai-bs.jp/?page_id=182,1496565730032,1496544997632
あつまのおとインスタグラム - あつまのおと - あつまのおと,atsuma-note.jp,https://forms.gle/DLUDB7GZ7V1Q9Ddc9,2852141894672,2852121884320
外国語のページについて - 北海道のホームページ,www.pref.hokkaido.lg.jp,https://www.pref.hokkaido.lg.jp/inquiry/?group=55&page=129795,1962132818432,1962112382672
吉田蚊帳（ナラマチドットコム）,wx10.wadax.ne.jp,https://wx10.wadax.ne.jp/~yoshidakaya-co-jp/support1.cgi,1962112382672,1962138320960
株式会社あくび | 株式会社あくび,akubi-office.com,https://akubi-office.com/contact/,1406708680304,1406686553632
鹿児島県公式ホームページ,www.pref.kagoshima.jp,http/www.pref.kagoshima.jphttp://www.pref.kagoshima.jp/aa02/otoiawase.html,2349344688064,2347217620416
沖縄県公式ホームページ,www.pref.okinawa.jp,https/www.pref.okinawa.jphttps://www.pref.okinawa.jp/otoiawase.html,2300829781248,2300809293168
鹿児島県公式ホームページ,www.pref.kagoshima.jp,http/www.pref.kagoshima.jphttp://www.pref.kagoshima.jp/aa02/otoiawase.html,2300829791952,2300829791520
吉田蚊帳（ナラマチドットコム）,wx10.wadax.ne.jp,https/wx10.wadax.ne.jphttps://wx10.wadax.ne.jp/~yoshidakaya-co-jp/support1.cgi,2300829791568,2300829791328
OEC 沖縄イーコマース協議会,oec-evaluation.uh-oh.jp,https://forms.gle/DLUDB7GZ7V1Q9Ddc9,2300829788976,2300829792864
読谷村（よみたんそん）公式ホームページ,www.vill.yomitan.okinawa.jp,https://logoform.jp/form/Gv5q/168288,2071930637376,2071910303584
読谷村（よみたんそん）公式ホームページ,www.vill.yomitan.okinawa.jp,https://logoform.jp/form/Gv5q/168288,1929882415552,1929862268288
セイコーエコロジア（SEIKO ECOLOGIA）,ecologia.100nen-kankyo.jp,https://ecologia.100nen-kankyo.jp/contact/,1929862268288,1929882415984
