がんばる農業者紹介 - 農の宝島!!とくしま,tokushima-shuno.jp,https://tokushima-shuno.jp/inquiry/,2123283153728,2123282991040
徳島県の生産者一覧｜食べチョク｜産地直送(産直)お取り寄せ通販 - 農家・漁師から旬の食材を直送,www.tabechoku.com,https://www.tabechoku.com/inquiry/new,2123257252112,2123282991664
いちご農家西岡産業 - 自分の子供に食べさせたいものをつくる。徳島県のいちご農家西岡産業の公式ウェブサイトです。,nishioka3gyou.com,http://nishioka3gyou.com/contact,2123283153920,2123376671616
徳島で農業始めませんか!?『とくしま就農スタート研修』 - 住んでみんで徳島で!,tokushima-iju.jp,https://tokushima-iju.jp/request/inquiry/,2123283153296,2123283153488
農業分野 - とくしま農林水産未来人材スクール,aff-tokushima.jp,https://aff-tokushima.jp/inquriy/,2123283156224,2123283153488
徳島県で水耕栽培、新しい農業・農家のあり方／株式会社カネイファーム／矢野正英（写真左）さん,pasona-nouentai.co.jp,https://pasona-nouentai.co.jp/contact/,2123283156416,2123283153488
野本農園 | ケール専門農家,nomotofarm.com,https://nomotofarm.com//contact,2123283156800,2123376664608
農業委員会総会等の会議録：徳島市公式ウェブサイト,www.city.tokushima.tokushima.jp,https://www.city.tokushima.tokushima.jp/shisei/shiyakusho/ka_ichiran/otoiawase.html,2123376664608,2123376672672
徳島｜ 公益社団法人 日本農業法人協会,hojin.or.jp,https://hojin.or.jp/contact/,2123283157760,2123376875344
ＮＯＳＡＩ徳島 （徳島県農業共済組合）,www.nosai-tokushima.jp,https://www.nosai-tokushima.jp/contact,2123283158144,2123376879328
農家民宿 -ゆずの里- いづみ（徳島県美馬）の宿泊予約｜宿泊予約はSTAY JAPAN（ステイジャパン）｜民泊・農泊・貸別荘・コテージ・古民家・城泊・宿坊など個性的な宿泊施設が見つかる予約サイト,stayjapan.com,https://stayjapan.com/info/contact/new?categories_type=registrations_send,2123283158336,2123283158000
JA徳島市公式ホームページ,ja-tcc.or.jp,https://ja-tcc.or.jp/publics/index/5/,2123283158528,2123283158000
農家レストラン風和里 | 阿波ふうどまるごとサイト,awa-food-tokushima.com,https://awa-food-tokushima.com/contact_other,2123283158720,2123283158000
ＪＡバンク徳島,www.jabank-tokushima.or.jp,https://ja-system-server.com/contact/ja0190/index,2123283158912,2123283158000
農家の皆様へ！　徳島県の「事業継続応援金」について | 阿波市,www.city.awa.lg.jp,https://www.city.awa.lg.jp/inquiry/2/,2123283159104,2123283158000
みかん農家の宿あおとくる / 古書ブン - みかん農家が営む1日1組限定の古民家民宿 兼 小さな古本屋,aotokuru.com,https://aotokuru.com/contact-%e3%81%8a%e5%95%8f%e3%81%84%e5%90%88%e3%82%8f%e3%81%9b/,2123283159296,2123283158000
原田トマト/農家レストラン　星のしずく – 【四国・徳島県】阿波市観光協会,www.awa-kankou.jp,https://www.awa-kankou.jp/contact/,2123283159488,2123283158000
農業の税務・会計 | 徳島県徳島市の税理士法人マスエージェント,masagent.co.jp,https://masagent.co.jp/contact/,2123283159872,2123283158960
株式会社いろどり | 葉っぱの町上勝町から人と社会に喜びと感動を,irodori.co.jp,https://irodori.co.jp/contact/,2123283161024,2123376885712
徳島県 | 全国の農山漁村の体験・宿泊がさがせる、農泊ポータルサイト,nohaku.net,https://nohaku.net/contact/,2123283161408,2123376884608
農家ソムリエーずとは/農家ソムリエ―ず - なると金時,www.narutokintoki.com,https://www.narutokintoki.com/%E3%81%8A%E5%95%8F%E3%81%84%E5%90%88%E3%82%8F%E3%81%9B/,2123376884608,2123283161648
JA徳島中央会,tokuchu-ja.or.jp,https://ja-system-server.com/contact/ja0129/index,2123283161792,2123376884608
上勝の農家民宿 山挨（やまあい）,kamikatsu.life,https://kamikatsu.life/contuct/,2123283162176,2123377084736
おさっち。プレーン 300g(農家ソムリエ～ずの徳島県産なると金時さつま芋チップス) - 徳島県物産センター本店　四国徳島のお土産・特産品・名産品のお取り寄せ通販サイト,tokushima-shop.jp,https://dp00003141.shop-pro.jp/secure/?mode=inq&shop_back_url=https%3A%2F%2Ftokushima-shop.jp%2F&shop_id=PA01007181,2123376874000,2123283162176
ホテルたいよう農園 徳島県庁前（旧名称：徳島県庁前第一ホテル）,hotel.taiyo-noen.com,https://hotel.taiyo-noen.com/tokushima/contact/,2123376874000,2123283162176
徳島県担い手育成総合支援協議会 |,ninaite-tokushima.com,https://ninaite-tokushima.com/inquiry/,2123283162944,2123377086128
中川農園 | こだわり農家直送便,kodawari-nouka.com,https://kodawari-nouka.com/contact,2123283154640,2123377093760
