HOFIA北海道食品産業協議会-会員名簿,http://hofia.org
食品工場 正社員の転職・求人情報 - 北海道 札幌市 - 求人ボックス,https://xn--pckua2a7gp15o89zb.com
食品製造スタッフの仕事・求人 - 北海道｜求人ボックス,https://xn--pckua2a7gp15o89zb.com
食品関連事業者一覧（分野別：50音順） - 札幌市,https://www.city.sapporo.jp
認証施設・食品 - 北海道HACCP,https://haccp.pref.hokkaido.lg.jp
北海道 札幌市 - 食品工場の求人・バイト情報 - タウンワーク,https://townwork.net
食品製造･食品加工･食品検査･品質管理の求人一覧 - ジョブキタ,https://www.jobkita.jp
北海道は日本の食品工場！有名企業の工場が集まる ...,https://jobhouse.jp
森工場（北海道） | 企業情報 - ニチレイフーズ,https://www.nichireifoods.co.jp
【10月版】食品工場の求人・仕事・採用-北海道札幌市中央区,https://jp.stanby.com
会社概要 - 株式会社北燦食品,https://www.hokusan-foods.co.jp
「冷凍食品認定制度」認定工場リスト,https://www.reishokukyo.or.jp
北沢食品工場へようこそ！ - Jimdo,https://kitazawashokuhinn.jimdofree.com
北海道 食品 工場 派遣の求人一覧 - テンプスタッフ,https://www.tempstaff.co.jp
北海道の食品工業 (335件) - goo地図,https://map.goo.ne.jp
食品工場 北海道の求人情報,https://hello-work.info
アクセスマップ（北海道工場） | 会社紹介 - 楽陽食品,http://www.raku-you.com
企業情報・会社概要 | 北海道の冷凍食品会社 サンマルコ食品 ...,http://www.sanmaruko.co.jp
営業拠点・工場一覧 - 業務用調味料の和弘食品,https://www.wakoushokuhin.co.jp
コープフーズ会社概要・沿革｜石狩・江別・釧路・札幌 ...,https://www.coopfoods-hokkaido.co.jp
北海道／工場生産・製造（食品・化粧品・医薬品系）の求人 ...,https://tenshoku.mynavi.jp
北海道 の求人情報一覧 【公式】セブン－イレブン向け食品 ...,https://conveni-food.net
工場見学 - 北海道はまなす食品,https://h-hamanasu.jp
鱗幸食品株式会社 | 北海道札幌市の食品製造・販売企業,http://rinkou.com
北海道工場 | 清水物産グループ | 食品製造・研究開発・販売,https://smz-products.co.jp
事業所一覧 | 企業情報 - 大塚食品,https://www.otsukafoods.co.jp
北海道・東北、食品加工の工場・製造業の求人仕事情報,https://04510.jp
食品製造事業 - 伸和ホールディングス,https://shinwa-holdings.co.jp
会社概要｜企業情報 - ベル食品,https://www.bellfoods.co.jp
事業所一覧 | 会社案内 - ハウス食品,https://housefoods.jp
会社情報｜北の大地の恵みです｜クレードル食品 株式会社,http://www.cradle-foods.co.jp
味の素食品北海道株式会社十勝工場 - 芽室町,https://www.memuro.net
食品工場での揚げ物製造 - 石狩市,https://wagasyade-saiyo.jp
北海道の食品加工の工場・製造業の求人(正社員・派遣)のお仕事,https://job-con.jp
丸大食品 - IWAMIZAWA COMPANY GUIDE 岩見沢市 企業紹介,https://iwamizawa-company.com
企業情報-国内工場・事業所 - 紀文食品,https://www.kibun.co.jp
北海道の食品工場 求人・派遣の仕事とパート・アルバイト一覧,https://fajob.jp
丸大食品株式会社 北海道工場 - 岩見沢市 - Mapion,https://www.mapion.co.jp
札幌市清田区の食品製造会社 マルカワ食品株式会社,https://www.marukawa-foods.co.jp
丸市食品株式会社 -北海道 札幌 珍味-,https://www.hokkaido-maruichi.co.jp
株式会社北燦食品 札幌工場,https://www.hokkaido-gas.co.jp
東名食品株式会社：コロッケなどのオリジナル製品（OEM ...,http://www.toumei-foods.com
事業所一覧 - 近海食品,https://kinkai.co.jp
営業拠点 | 日清食品 - NISSIN FOODS GROUP,https://www.nissin.com
食品工場コンサルタント - フーテックサービス,https://www.footech-s.com
北海道 食品工場 子供の遊び場・お出かけスポット | いこーよ,https://iko-yo.net
事業内容 - 株式会社彩香,http://www.saika-onigiri.co.jp
北海道工場｜カルビー,https://www.calbee.co.jp
池田食品株式会社,https://ikeda-c.co.jp
佐藤食品工業株式会社 北海道工場 - ビッグカンパニー,https://www.bigcompany.jp
トナミ食品工業,http://www.tonami-foods.co.jp
丸大食品株式会社／北海道工場(岩見沢市:食品工業)【e-shops】,https://el.e-shops.jp
匠の麺工房 カネジン食品株式会社,https://kanezin.co.jp
株式会社トラストグロース 北海道支社の派遣社員情報 - 帯広市 ...,https://www.e-aidem.com
「丸大食品株式会社 北海道工場」(岩見沢市 - NAVITIME,https://www.navitime.co.jp
小樽ものづくりの原動 ぎょれん総合食品株式会社,https://www.city.otaru.lg.jp
ルスツ食品加工株式会社,http://rusutsu-s.co.jp
【北海道】食品加工の工場スタッフ募集中！寮にWi-Fi完備です,https://ie-shigoto.jp
北海道の企業・メーカー一覧,https://www.aperza.com
北海道産にこだわる食品会社 中村食品産業株式会社 北海道産 ...,http://e-shokuhin.jp
北海道で見学できる工場一覧 - 工場見学いかがでしょう？,https://koujoukengaku.info
(株)アレフ 北海道工場 びっくりドンキーの工場（出荷・仕分け ...,https://bikkuri-donkey-job.net
工場 | 事業所紹介 - 明治,https://www.meiji.co.jp
工場見学のご案内 | 道南食品 | キャラっと！チョコっと！,https://www.dounan.co.jp
京都グレインシステム株式会社 旭川工場OPEN -,https://kyoto-grain.co.jp
各種食品工場の清掃メンテナンス - 札幌市 - 日美装建,https://nichibi-s.com
コスモ食品(株)北海道工場［北海道環境企業データ2017］,https://www.hkd.meti.go.jp
食品 工場 正社員 製造の求人 - 北海道札幌市 | Careerjet,https://www.careerjet.jp
【だるま食品株式会社】の採用サイト,https://daruma-foods.jbplt.jp
事業所一覧｜企業情報 - 丸大食品,https://www.marudai.jp
会社概要 - サザエ食品株式会社,https://www.sazae.co.jp
【早来駅】日勤｜食品工場製造のお仕事 KJOTS1343,https://per-sonal.co.jp
株式会社 鈴木総合食品 | 北海道石狩市の食品製造、販売企業 ...,https://seagourmetstation.com
サトウ食品の北海道工場（岩見沢市）を訪問しました。,https://inatsu.com
道東沖のマイワシ使った缶詰作りが盛ん 釧路市の食品工場,https://www3.nhk.or.jp
自社工場 | 佐藤水産 : 北海道高品質海産物・鮭専門店,https://www.sato-suisan.co.jp
食品工場製造設備 - 浜理薬品工業株式会社,https://www.hamarichemicals.com
コープさっぽろが江別食品工場の地鎮祭、投資額26億円で豆腐 ...,https://hre-net.com
日本新薬 千歳食品工場 - エキテン,https://www.ekiten.jp
食品工場は浸水 - 北海道産野菜：ピンチ 畑は冠水 - 毎日新聞,https://mainichi.jp
北海道の工場・製造業の売上ランキング一覧 - シゴトアルワ,https://www.hakenlist.com
会社案内 - やまぐち食品,http://yamaguchifoods.co.jp
地図 : 池田食品 工場直売店 - 東札幌/和菓子 [食べログ],https://tabelog.com
会社概要 創業昭和4年 北海道の老舗豆腐メーカー - 日乃出食品,http://www.yakkosan.com
栄興食品有限会社 - 【北海道】丸一大西食品会社,http://www.ytf-ohnishi.com
事業所一覧 | 株式会社ドースイ｜乾物に特化した専門企業,http://www.dosui.co.jp
企業情報｜大槻食材株式会社,http://www.ootuki.com
北海道はおいしい食材の宝庫。札幌で工場見学。 | 特集記事,https://www.sapporo.travel
食品工場排水設備 - 第一環境アクア株式会社,http://www.daiichikankyo-aqua.com
全国の主な製造拠点 - 株式会社アレフ,https://www.aleph-inc.co.jp
食品工場・セントラルキッチンの求人一覧 - 札幌市中央区,https://job.inshokuten.com
会社案内 | 横山食品株式会社,https://usagijirusi.jp
朝日食品株式会社様 函館工場 | 実績紹介 | 中設エンジ,https://www.ce-kk.co.jp
北沢食品工場 の地図、住所、電話番号 - MapFan,https://mapfan.com
北海道のおすすめ工場見学5選｜ロイズにチーズ工房 - HugKum,https://hugkum.sho.jp
ビール工場見学｜北海道工場 - アサヒビール,https://www.asahibeer.co.jp
【札幌】お得で美味しい食品工場直売所まとめ,https://odekakesan.com
"北見食品工業食品工場 - 海岸町1-8, 網走市, 北海道, Japan - Yelp",https://www.yelp.com
アサヒグループの北海道･北陸･中部･中国地区8工場で購入する ...,https://www.asahigroup-holdings.com
（株）紀文食品 恵庭工場(北広島・恵庭・千歳)の施設情報,https://www.its-mo.com
味の素食品北海道（株）のアクセスマップ | 国内関係会社一覧,https://www.ajinomoto.co.jp
【札幌市】老舗がつくる普段のおいしさ！竹山食品工業株式会社,https://kurashigoto.hokkaido.jp
食品工場で仕分けや梱包 | 北海サポート株式会社｜札幌の人材 ...,https://hokkai-support.co.jp
東和食品 | キョクイチグループ,https://kyokuichi.com
エコフィード製造事業者の情報公開 (令和2年5月現在),https://www.maff.go.jp
サンマルコ食品株式会社 恵庭工場 - 企業の声,http://www.eniwa-kougyou.com
キッコーマン株式会社 商品情報サイト | キッコーマン,https://www.kikkoman.co.jp
北海道立オホーツク圏地域食品加工技術センター,https://www.foodohotuku.jp
S&B エスビー食品株式会社,https://www.sbfoods.co.jp
雪印メグミルク株式会社 - 未来は、ミルクの中にある。,https://www.meg-snow.com
ロイズ（ROYCE'）公式 - チョコレート・お菓子のオンライン ...,https://www.royce.com
江崎グリコ,https://www.glico.com
山崎製パン オフィシャルサイト,https://www.yamazakipan.co.jp
KIRIN｜キリン - よろこびがつなぐ世界へ,https://www.kirin.co.jp
札幌でバイオガス発電、食品残渣をメタン発酵、汚泥を堆肥化,https://project.nikkeibp.co.jp
マックスバリュ西日本,https://www.maxvalu.co.jp
ふるさと納税 根室市 【北海道根室産】毛がに500g前後×4尾 D ...,http://semnap.fkip.unila.ac.id
サントリー ホームページ,https://www.suntory.co.jp
エスケー管財（株）(旧：さくら食品（株）)（北海道） - JC-NET,https://n-seikei.jp
ムソー 北海道産全粒小麦粉使用 くるまふ 6枚入,https://unitransturismo.com.br
よつ葉 北海道脱脂粉乳 スキムミルク 1kg,https://www.tradpro.heduguide.ro
冷凍冷蔵ショーケースの新工場、スーパー・ドラッグの需要 ...,https://www.ryutsuu.biz
カゴメ,https://www.kagome.co.jp
エア・ウォーター、液化バイオメタン初出荷 よつ葉乳業に,https://www.nikkei.com
共創ロジスティクスパートナーシップ協定を締結 久原本家 ...,https://www.fukuoka-keizai.co.jp
木徳神糧 無洗米「e-come(イーコメ)」展開、泡で糠除去する ...,https://www.ssnp.co.jp
工場見学パート2！！ 福井×町中華。「福まん」開発 ...,https://readyfor.jp
ポップUP！ - フジテレビ,https://www.fujitv.co.jp
株式会社ジャパンプロスタッフ 【007】の派遣の求人情報,https://www.baitoru.com
株式会社ウィルエージェンシー/wse0554の派遣社員の求人情報,https://hibaraito.jp
ヤマモト食販株式会社 人材派遣事業部 - アルキタ,https://www.arukita.com
［最新版］中小企業のためのM＆A徹底活用法 - Google ブック検索結果,https://books.google.co.jp
道南で指し示す未来へ続くワイン造り／北海道・函館 - OZmall,https://www.ozmall.co.jp
【尼崎市】もうすぐ！タカオカチョコレート冬季の工場直売が ...,https://amagasaki.goguynet.jp
癒し系アナが三重県鳥羽市で“白い”『あんかけ焼きそば』を ...,https://hicbc.com
MARTIN-UP マーチンアップ 正規よりお得 全ての,https://server2.unquillo.gov.ar
るるぶ函館 大沼 五稜郭 松前 江差’16～’17,https://books.google.co.jp
海藻の利活用プロジェクト【えりも】 - 北海道ニュースリンク,https://hokkaido-nl.jp
厚岸漁業協同組合直売店エーウロコ / TOPページ,https://www.a-uroko.or.jp
東洋経済CSR企業総覧2015年版　環境編,https://books.google.co.jp
会社四季報 業界版【6】医薬品・食品編　（16年新春号）,https://books.google.co.jp
会社四季報 業界版【6】医薬品・食品編　（16年夏号） - Google ブック検索結果,https://books.google.co.jp
食品業界とは？仕事・業界研究 - リクナビ 2023,https://job.rikunabi.com
食品業界(メーカー、卸/商社、小売、インフラ)の企業情報一覧,https://tsunashu.com
食品業界とは - 就活準備 - マイナビ2024,https://job.mynavi.jp
,https://job.rikunabi.com
,https://unistyleinc.com
,https://www.jaic-college.jp
,https://gyokai-search.com
【食品業界】メーカー志望必見！業界の分類と今後の動向を ...,https://en-courage.com
【業界研究】食品業界の仕事とは？業界内の分類や今後の動向 ...,https://unistyleinc.com
【食品業界研究ガイド】知っておきたい現状や今後の動向を解説,https://shukatsu-mirai.com
【業界研究】食品業界にはどんな仕事があるの？ - 食品就活,https://shokuhin-shukatsu.com
食品業界の動向やランキング＆シェアなどを研究,https://gyokai-search.com
食品メーカー】日本の「食」を担う5社（明治・味の素・日清 ...,https://www.onecareer.jp
食品産業研究 の 売れ筋ランキング - アマゾン,https://www.amazon.co.jp
食品業界の特徴をチェック！仕事内容や将来性とは,https://careerticket.jp
食品業界の志望動機の書き方｜職種別の例文付き｜転職Hacks,https://ten-navi.com
【業界研究】冷凍食品業界の動向3選！仕事内容や志望動機 ...,https://www.s-agent.jp
食品メーカー｜サービス紹介 - 日本総研,https://www.jri.co.jp
食品業界の信頼性向上について - 農林水産省,https://www.maff.go.jp
コロナ禍で食品業界はどう変化したのか｜フードラボ - 懐刀,https://futokoro.san-yu.co.jp
食品業界における生産技術の仕事とは？転職に役立つ経験と ...,https://mynavi-agent.jp
食品業界への転職を目指すなら知っておきたい業界の特徴,https://rdsupport-haken.jp
『食品業界』の上場企業一覧 | JPubb,https://www.jpubb.com
The Story〔食品業界編〕業界を勝ち抜くために知っておき ...,https://www.amazon.co.jp
食品業界の志望動機の書き方とは？アピールポイントや文章 ...,https://fajob.jp
食品業界の今後の展望は？コロナ禍で何が変わった？ - バトンズ,https://batonz.jp
食品業界の概要・職種・魅力・動向 | 業界研究記事,https://iroots-search.jp
食品業界のためのマーケティング基礎講座 - 宣伝会議,https://www.sendenkaigi.com
食品業界の現状と今後は?就活生にも人気の高い業界の知り ...,https://www.jaic-college.jp
食品業界 ｜各業界の動向 - 帝国データバンク,https://www.tdb.co.jp
最新食品業界の動向とカラクリがよ～くわかる本 業界人、就職,https://7net.omni7.jp
食品 | NTTデータ - NTT DATA,https://www.nttdata.com
食品業界のSDGs ～食品ロス削減の課題,https://food.uchida-it.co.jp
この仕事をするならこんな学問が必要だ＜食品業界編,https://www.milive-plus.net
図解入門業界研究最新食品業界の動向とカラクリがよーくわかる本:,https://books.google.co.jp
食品（業種一覧） - エコー電子工業株式会社,https://echo.e-aera.jp
図解入門業界研究 最新食品業界の動向とカラクリがよーく ...,http://www.shuwasystem.co.jp
値上げラッシュの食品業界「キホンのキ」 課題と展望を知 ...,https://asahi.gakujo.ne.jp
食品業界の現状と課題,https://www.nochuri.co.jp
食品業界について | 吉泉産業株式会社,https://yoshiizumi.com
【就活の業界研究】食品メーカーの職種の情報、やりがい,https://syukatsu-answer.com
食品、飲料業界の企業一覧 - 社員クチコミ - OpenWork,https://www.vorkers.com
食品業界の方必見！事例で学ぶAI導入の具体的なイメージ,https://prtimes.jp
デジタル社会経済のもとでの食品メーカーにおける営業 ...,https://www.nttdata-strategy.com
【就活生必見】食品業界の就活を有利に進める方法4選!,https://jo-katsu.com
食品メーカーの転職・求人検索結果＜10/20（木）更新 - DODA,https://doda.jp
食品業界の転職におすすめ転職サイト・エージェント ...,https://www.tosho-trading.co.jp
研究会紹介ー食品業界研究会 | 東京都中小企業診断士協会,https://t-smeca.com
国際的に見たわが国食品産業の実態と今後の戦略,https://www.shokusan.or.jp
最新食品業界の動向とカラクリがよ～くわかる本 - BookCellar,https://fujitec.co.jp
最新食品業界の動向とカラクリがよ～くわかる本 - BookCellar,https://fujitec.co.jp
【食品業界】OB・OG訪問で聞いておくべき4つの質問,https://matcher.jp
食品業界のホンネ！実際に働く人に聞いた業界の裏側,https://kenjasyukatsu.com
自動車業界とXX業界 第10回『自動車業界と食品業界』,https://www.sc-abeam.com
2021年版 食品業界ビジネスガイド【食糧年鑑】,https://order.nissyoku.co.jp
製造業を目指すなら覚えたい用語を紹介！ ～食品業界編,https://www.career-on.jp
今がチャンス！100億人を見据えた食品業界次の一手,https://www.b2b.alibaba.co.jp
食品業界 | 図解 業界研究,https://job.js88.com
【食品メーカー】これを読むだけ 業界研究に役立つ本3選,https://raku-shukatsu.com
食品業界における原材料高と業界再編の行方 - 富国生命,https://www.fukoku-life.co.jp
【2022年】食品業界・飲料業界の転職市場動向。DX・SCMで ...,https://www.jac-recruitment.jp
一般社団法人 日本冷凍食品協会,https://www.reishokukyo.or.jp
食品業界の志望動機は個性が重要！ 深掘りのコツを例文付き ...,https://careerpark-agent.jp
食品メーカー就職人気ランキング｜学歴や向いている人 ...,https://shukatsu-ichiba.com
食品業向け製造・在庫・販売管理パッケージソフト「豪商」,https://www.goushou.com
食品会社の研究職ってどうなの？仕事内容や必要スキルと参考 ...,https://acaric.jp
酒類・加工食品業界のVANサービス｜FINET 株式会社ファイ ...,https://www.finet.co.jp
食品業界向けERPソリューション｜統合業務ソフトウェアOBIC7,https://www.obic.co.jp
食品業界お役立ちネット |,https://shoku-sapo.net
食品業界の抱える課題とは? システム的な解決への手引き,https://www.cloudtimes.jp
食品メーカー に関するニュース・記事一覧,https://diamond-rm.net
食品業界 | ユアサネオテック株式会社,https://yuasa-neotec.com
食品業界向けポータルサイト FOODS eBASE Portal,https://www2.ebase-jp.com
食料品業界 売上高ランキング（企業一覧） - バフェット・コード,https://www.buffett-code.com
【食品業界研究｜2022年度最新版】ESの書き方から面接対策 ...,https://www.careermine.jp
加工食品メーカー向けソリューション - eBASE,https://www.ebase.co.jp
図解即戦力 食品業界のしくみとビジネスがこれ1冊でしっかり ...,https://gihyo.jp
食品業界に関するビジネスアイデア・事例 - I4G Business ...,https://bdl.ideasforgood.jp
食品業界の自動化に重要なロボフレ 装置開発事例に迫る,https://jss1.jp
食品産業について調べるには（統計・名鑑・インターネット ...,https://rnavi.ndl.go.jp
学歴不問×食品業界の転職・求人情報,https://www.job-terminal.com
食品業界インターンの時期・内容・選考対策を解説,https://internshipguide.jp
食品業界：【134本】経済レポート一覧,http://www3.keizaireport.com
【食品業界の売上高ランキング】TOP5企業を徹底解説します。,https://job-q.me
WF-NET｜食品業界女性経営者によるネットワーク,https://wf-net.net
人気の食品業界へ40代で転職！求められるスキルやねらい目の ...,https://www.from-40.jp
最新食品業界の動向とカラクリがよ～くわかる本 / 中村 恵二 ...,https://www.kinokuniya.co.jp
食品業界向け空気圧機器 - SMC Corporation,https://www.smcworld.com
ニュース - 食品業界の最新情報・動向 - フーズチャネル,https://www.foods-ch.com
食品製造業界 : 銘柄一覧 : 日経会社情報DIGITAL : 日経電子版,https://www.nikkei.com
【理系就活】食品業界とは？現状や将来性・最新動向も解説！,https://techoffer.jp
コロナ禍が食品メーカーに及ぼした影響とは？,https://buyers-kitchen.com
「食品業界」の英語・英語例文・英語表現 - Weblio和英辞書,https://ejje.weblio.jp
食品業界向け販売・購買・在庫・生産管理パッケージシステム ...,https://aladdin-office.com
食品・飲料関連団体一覧 - 食品OEMコム,https://www.food-oem.com
食品業界 - 日本ジャバラ,https://www.jyabara.co.jp
食品業界 | 産業用ロボットの活用事例 - キーエンス,https://www.keyence.co.jp
ショクビズ！ | フード×ビジネスの食品トレンド情報サイト,https://shokubiz.com
業界別経理のお仕事～食品業編 - ジャスネットスタッフ,https://staff.jusnet.co.jp
外食・食品業界のM&A動向・分析 - 株式会社ストライク,https://www.strike.co.jp
日本における食品業界のSDGsの取組み - Talkwalker,https://www.talkwalker.com
食品製造業界の最新M&A動向 - 山田コンサルティンググループ,https://www.ycg-advisory.jp
食品業界志望の就活生に業界の職種や仕事を大公開,https://avalon-consulting.jp
世界食品大手は日本大手の営業利益率の1.5倍以上！？ 日本の ...,https://reorganization.nihon-ma.co.jp
食品・飲料メーカー 第1回：食品業界の概要 | 業種別会計 - EY,https://www.ey.com
『食品業界大研究』 | 産学社,http://sangakusha.jp
食品・飲料メーカーについて～食品・飲料メーカーの業界研究～,https://www.next--career.com
食品業界におすすめの人材紹介会社4選【2022年最新版】,https://imitsu.jp
【新卒】食品業界の特徴｜売上ランキングから仕事内容まで ...,https://jobspring.jp
食品・飲料メーカーについて～食品・飲料メーカーの業界研究～,https://www.next--career.com
食品業界まるわかり解説！企業の説明会に参加するまでに読ん ...,https://offerbox.jp
食品業界を目指す方が読むべきまとめ！平均年収や市場規模も ...,https://www.interfactory.co.jp
転職前に知っておきたい！食品メーカーの特色と注意点,https://www.rdsupport-tenshoku.jp
食品業界におけるコロナ対応策 | 野村総合研究所(NRI),https://www.nri.com
食品流通とは？課題や効率化のポイント,https://www.digital-transformation-real.com
企業の食品ロス対策は必須。外食・小売・食品メーカーの事例,https://foodclip.cookpad.com
食品業界が挑む脱炭素 求められるフードサプライチェーンの ...,https://energy-shift.com
食品業界 コロナ禍の生き残り策模索 内食化が環境変化の ...,https://shokuhin.net
【理系生必見！】食品業界への就職の実態とは？大学生が学ぶ ...,https://digmee.jp
PEST分析でわかる食品業界に影響を与える外部要因とは,https://www.shopowner-support.net
食品業界向け発注書専用AI-OCR開発 - EdgeHUB,https://soroban.highreso.jp
食品メーカーの営業はどんな人が向いてる？仕事内容や魅力を ...,https://workin.jp
健康食品業界の業界動向やM＆A事例をご紹介！ - M＆A DX,https://subaru-inc.co.jp
食品業界の仕事 - ハタラクティブ,https://hataractive.jp
2022年の食品業界に影響を与えるテクノロジー6選,https://www.gizmodo.jp
食品業界にホワイトな会社はあるのか。動向やホワイト500の ...,https://www.niziiro.jp
「食品メーカーが多い都道府県ランキング」を発表 1位は,https://www.itmedia.co.jp
【2020年】食品業界の動向とM&A事例10選【最新版】,https://fundbook.co.jp
業界特化型働き方改革!「食品産業の働き方改革 早わかり ...,https://www.shares.ai
食品メーカーだけではない！！食品業界（川上から川下まで ...,https://shokusai-life.com
食品製造業におけるデジタル変革 | IBM Smarter Business,https://www.ibm.com
【食品業界の志望動機】例文付きで書き方をご紹介！職種ごと ...,https://www.pasonacareer.jp
欧州加工食品業界の動向 - 三井住友銀行,https://www.smbc.co.jp
食品業界向け｜情報収集に最適な業界誌4選！,https://www.urethanegel.jp
食品営業（食品メーカー） - 職業詳細,https://shigoto.mhlw.go.jp
【例文あり】「食品業界/メーカー」志望動機の魅力的な伝え方,https://reashu.com
食品業界に特化した新聞一覧【業界紙・専門紙】 - 食品データ館,https://urahyoji.com
食品業界に特化した新聞一覧【業界紙・専門紙】 - 食品データ館,https://urahyoji.com
英国の食品業界における新型コロナウイルスをめぐる現状と ...,https://www.jetro.go.jp
食品メーカーの現状と将来性 - キャリアガーデン,https://careergarden.jp
19卒向け）就活する前に食品業界について知っておこう。,https://gakusei-kichi.com
食品メーカーの世界ランキング：ネスレやペプシコ - 製造業IT,https://www.sbbit.jp
TREND 2020 -食品業界TRENDを知るための教科書 - BCCKS,https://bccks.jp
デジタルトランスフォーメーションによって、国内の食品業界 ...,https://relic.co.jp
【業界研究】食品業界①食品で安心安全を届ける ... - ジョブトラ,https://rebe.jp
本紙が選ぶ2016年食品業界重大ニュース 健康価値訴求品 成功 ...,https://www.ssnp.co.jp
食品業界の志望動機 | 転職の履歴書でアピールするコツは ...,https://www.r-agent.com
冷凍食品メーカーのランキングTOP5と業界の問題点,https://careerpark.jp
公益財団法人 日本健康・栄養食品協会：新着情報,https://www.jhnfa.org
食品業界、原料調達にリスク 「気候変動」農作物に悪影響,https://www.nikkan.co.jp
食品業界 | ビジネス・業界 - 人気ブログランキング,https://blog.with2.net
図解入門業界研究 最新食品業界の動向とカラクリがよ～くわかる本［第5版］,https://books.google.co.jp
【フードテック】日本の様々な食品ベンチャー企業を一覧で ...,https://www.bridge-salon.jp
1-5日本の食品業界の特殊性 - 食品輸出の学校,https://www.food-export.jp
OTAFF 一般社団法人外国人食品産業技能評価機構 特定技能1 ...,https://otaff1.jp
食品業界 企業一覧（50音順） - 年収ラボ,https://nensyu-labo.com
日本の食品業界の新視点、過去の常識が通用しない時代 ...,https://www.uchida.co.jp
北前船寄港地の食や文化の魅力を発信する催し フランスで開催,http://www3.nhk.or.jp
味の素、絶好調企業の「焦燥」…原材料高でも4期連続最高益 ...,https://diamond.jp
カルビー株式会社,https://www.calbee.co.jp
海苔の大森屋 ～のり製品専門から食品総合メーカーを目指し ...,http://www.ohmoriya.com
食品製造業向け無料セミナー「フードロスマネジメント,https://www.jiji.com
平気で｢食パン｣を買う人が知らない超残念な真実,https://toyokeizai.net
"株式会社 明治 - Meiji Co., Ltd.",https://www.meiji.co.jp
コロナ後2025年までの食品メーカー - 金融業界動向分析,https://special-edition1.xenobrain.jp
三重苦の相場環境が追い風、堅調続く食糧関連株,https://www.smd-am.co.jp
作業分析・業務最適化ソリューション「OTRS」に作業分節AI ...,https://cloud.watch.impress.co.jp
製造現場の映像を作業要素ごとにAIで分割する仕組み ...,https://it.impress.co.jp
宇宙ビジネス促進スタートアップsorano meが食品産業の衛星 ...,https://www.sankei.com
マッチングで食品ロスを削減するフードシェアアプリ 「食と ...,https://techblitz.com
日本パッケージングコンテスト受賞履歴 包装資材,https://ls.ipros.jp
プレスリリース詳細 | 会社情報 | 株式会社ブロードリーフ,https://www.broadleaf.co.jp
食品工業の現状 - 経済部食関連産業局食産業振興課,https://www.pref.hokkaido.lg.jp
"""北海道の加工食品"" の 商品一覧 - 北海道お土産探検隊",https://www.hokkaido-omiyage.com
食品加工研究センター - 道総研,http://www.hro.or.jp
北海道立オホーツク圏地域食品加工技術センター,https://www.foodohotuku.jp
HOFIA北海道食品産業協議会-会員名簿,http://hofia.org
北海道食品産業協議会-北海道加工食品コンクール 受賞商品-,http://www.hofia.org
株式会社北海道物産興社: 食品加工・加工野菜のOEM生産,https://hokkaidobussan.co.jp
北海道立十勝圏地域食品加工技術センター・トップページ,http://www.food-tokachi.jp
北海道の食品加工卸 (261件) - goo地図,https://map.goo.ne.jp
北海道食品加工機械 関連企業マップ2012,https://www.hkd.meti.go.jp
【浜理PFST】 - 北海道で食品エキス、パウダー加工,https://www.hamarichemicals.com
北海道 北見市 - 食品加工の仕事・求人 - 求人ボックス,https://xn--pckua2a7gp15o89zb.com
上士幌町食品加工センター かみしほろちょうしょくひん ...,https://www.kamishihoro.jp
北海道伊達市の食品・食料品製造・加工 - iタウンページ,https://itp.ne.jp
食品製造･食品加工･食品検査･品質管理の求人一覧 - ジョブキタ,https://www.jobkita.jp
【10月版】食品加工の求人・仕事・採用-北海道札幌市白石区,https://jp.stanby.com
北海道立食品加工研究センター - 会社概要 - engineer,https://www.atengineer.com
北海道の食品（製造・加工）の派遣求人一覧 - スタッフサービス,https://www.staffservice.co.jp
食品加工工学研究室 - 北海道大学 農学部,https://www.agr.hokudai.ac.jp
北海道｜食品加工会社 - 永石エンジニアリング,http://nagaishi-eng.co.jp
ルスツ食品加工株式会社,http://rusutsu-s.co.jp
食品加工製品 - 近海食品,https://kinkai.co.jp
全12巻で紹介した食品加工事例320,https://www.ruralnet.or.jp
北海道・東北、食品加工の工場・製造業の求人仕事情報,https://04510.jp
加工食品 | 食べレア北海道 - 北海道の食材の「レア」な魅力を ...,https://www.taberare.com
2022年度「地域食品加工施設活用モデル事業」の公募 ...,https://www.noastec.jp
北海道の食品加工・製造を比較・見積もりする - 比較ビズ,https://www.biz.ne.jp
【楽天市場】 北海道の加工食品 : 北海道お土産探検隊（ギフト ...,https://item.rakuten.co.jp
十勝圏地域食品加工技術センターの専用ホームページを開設 ...,https://www.tokachi-zaidan.jp
食品加工・卸売×北海道のM&A案件一覧 16件 - バトンズ,https://batonz.jp
吉川 修司 - 北海道立食品加工研究センター 研究職員,https://researchmap.jp
食品加工施設 | 北海道士幌高等学校 – 農業王国十勝で学ぶ農業 ...,http://shihoro-highschool.com
#食品加工 | TOKACHI HARVESTERS 北海道中小企業家同友会 ...,https://agribiz-hokkaido.jp
北海道の食品製造・加工の求人 - マイナビミドルシニア,https://mynavi-ms.jp
北海道立オホーツク圏地域食品加工技術センター様,https://www.ideacd.co.jp
津別町食品加工研修センター,https://www.town.tsubetsu.hokkaido.jp
北海道 札幌市 - 食品製造 加工の求人・バイト情報 - タウンワーク,https://townwork.net
株式会社フジ | 食品加工の未来に貢献する 製菓・製パン・食品 ...,https://www.fuji-steam.co.jp
CiNii 雑誌 - 北海道立食品加工研究センター研究報告,https://ci.nii.ac.jp
食品加工技術の高度化や新製品開発に取り組みたい！,http://www.minamihiyama-tsunenkoyou.net
農畜産物及び加工食品の移出実態調査結果報告書,https://www.hkd.mlit.go.jp
協議会会員一覧 - 旭川食品加工協議会,https://asahikawa-food.jp
【北海道】食品加工の工場スタッフ募集中！寮にWi-Fi完備です,https://ie-shigoto.jp
北海道の食品製造・加工のアルバイト・バイト求人情報,https://baito.mynavi.jp
鱗幸食品株式会社 | 北海道札幌市の食品製造・販売企業,http://rinkou.com
北海道産加工食品の原料原材料と製造地の自主表示で競争力 ...,https://hre-net.com
鱗幸食品株式会社 | 北海道札幌市の食品製造・販売企業,http://rinkou.com
How to get to 北海道立総合研究機構 食品加工研究センター in ...,https://moovitapp.com
【北海道】丸一大西食品会社,http://www.ytf-ohnishi.com
加工食品・冷凍食品 - ホクレングリーンプラス,https://www.hokuren-greenplus.jp
【開催終了】1/20 (江差町)道総研食品加工研究センター主催 ...,https://chizai-portal.inpit.go.jp
食品加工分野でユニークな商品開発【株式会社ニッコー ...,https://j-net21.smrj.go.jp
産地直送 通販 お取り寄せホクレン/調味料・加工食品|JAタウン,https://www.ja-town.com
食品製造事業 - 伸和ホールディングス,https://shinwa-holdings.co.jp
食品加工 発寒駅の求人情報,https://hello-work.info
食品加工 発寒駅の求人情報,https://hello-work.info
令和2年度移動食品加工技術センターをご紹介します。,https://www.maff.go.jp
加工食品の原料原産地表示に関する相談窓口：北海道農政事務所,https://www.maff.go.jp
冷凍食品加工スタッフ/軽作業のお仕事（ID：813）,https://jobhapiness.com
株式会社パイオニアジャパン｜惣菜の総合メーカー ...,http://www.pioneer-j.co.jp
北海食品株式会社,http://www.hokkai-s.com
がんばれ！道産食品 - ほっかいどう応援団会議,https://hkd-ouendankaigi.jp
がんばれ！道産食品 - ほっかいどう応援団会議,https://hkd-ouendankaigi.jp
札幌食品加工センター | 店舗・施設のご案内 - JAふらの,https://www.ja-furano.or.jp
会社情報｜北の大地の恵みです｜クレードル食品 株式会社,http://www.cradle-foods.co.jp
ピパオイの里プラザ（多目的ホール、食品加工室、工芸室等）,https://www.city.bibai.hokkaido.jp
森工場（北海道） | 企業情報 - ニチレイフーズ,https://www.nichireifoods.co.jp
北海道・食品加工 【国内在住の方限定】,https://vector-corp.jp
北海道立オホーツク圏地域食品加工技術センター指定管理者 ...,https://www.foods-ch.com
企業情報・会社概要 | 北海道の冷凍食品会社 サンマルコ食品 ...,http://www.sanmaruko.co.jp
北海道立食品加工研究センター - J-Stage,https://www.jstage.jst.go.jp
固定電話 0157360680/0157-36-0680の情報 - 電話帳ナビ,https://www.telnavi.jp
6月のゲストは 北海道立総合研究機構 食品加工研究センター ...,https://www.air-g.co.jp
「移動食品加工研究センターin釧路」開催のお知らせ |,https://www.kuhcci.or.jp
札幌市手稲区、食品製造・食品加工・食品検査・品質管理の ...,https://www.arukita.com
江別の食品加工研究センター,https://ebetsunopporo.com
【会員名簿】北海道支部 | （一社）日本惣菜協会,https://www.nsouzai-kyoukai.or.jp
2015札幌パック｜食品加工・原材料＆包装展｜終了報告,https://www.nippo.co.jp
北海道は日本の食品工場！有名企業の工場が集まる北海道で ...,https://jobhouse.jp
食品加工研究センター 研究成果発表会のご案内（北海道立 ...,https://sapporo.hokkaido.doyu.jp
北海道は日本の食品工場！有名企業の工場が集まる北海道で ...,https://jobhouse.jp
「移動食品加工研究センターin室蘭」を開催します（北海道立 ...,http://www.murotech.or.jp
• 食品加工卸 • companies • 北海道 • Japan •,https://www.tuugo.jp
「北海道民間協働週間」の開催のお知らせ - 北洋銀行,https://www.hokuyobank.co.jp
丸井今井創業150周年記念 第130回 全国うまいもの大会,https://www.maruiimai.mistore.jp
佐藤水産のお取り寄せ通信販売・北海道の鮭・海産物グルメ ...,https://www.sato-suisan.co.jp
合同会社きゃんぱす ※勤務地：本宮市 食品加工スタッフの ...,https://campus-kyujin.jp
会社概要 - 株式会社フジタコーポレーション,https://www.fujitacorp.co.jp
しそ焼酎「鍛高譚(たんたかたん)」はもうすぐ発売30周年 ...,https://www.oenon.jp
食品の回収、自主回収 | リコールプラス - 445件中 1～50件,https://www.recall-plus.jp
国分北海道、「北海道の蔵元」シリーズの純米酒を数量限定発売,https://www.kokubu.co.jp
saitaku11ji.pdf - ものづくり補助金,https://portal.monodukuri-hojo.jp
【平和堂】こだわりブランドE-WA!新商品！ 北海道オホーツク ...,https://prtimes.jp
北海道産かぼちゃの消費を拡大！ - セイコーマート,https://www.seicomart.co.jp
今週の新商品 - ファミマ,https://www.family.co.jp
マルヨ食品 チューブかにみそ IM-4 300g×30個 01035,https://aicsa.com.mx
マツコの重み。北海道米BIGLOVEキャンペーン - 公募ガイド,https://www.koubo.co.jp
大規模有機畑作研究会2022(2022年11月開催) - 農研機構,https://www.naro.go.jp
ビオセボン オンラインストア,https://www.bio-c-bon.jp
仕入れなら業務用食材卸売市場｜Mマート,https://www.m-mart.co.jp
都内10か所で都地域特産品認証食品のPR販売 - 東京都,https://www.metro.tokyo.lg.jp
商品情報 - ミニストップ,https://www.ministop.co.jp
トップページ｜ベルクお届けパック,https://super.belc-netshop.jp
東京農業大学,https://www.nodai.ac.jp
ミニストップのハロウィン2022、“北海道えびすかぼちゃ”の ...,https://www.ssnp.co.jp
コストコの秋商品！北海道産の生さんまは焼くだけで美味しい ...,https://ultimate-setsuko.com
GREEN WEB｜こめ油 - ホクレン,https://www.hokuren.or.jp
GREEN WEB｜こめ油 - ホクレン,https://www.hokuren.or.jp
加工食品のアレルギー表示【暮らしのヒント】 - 西日本新聞,https://www.nishinippon.co.jp
旭川100フェス開催間近！駐車場&無料シャトルバス情報を ...,https://asatan.com
イオン北海道／旭川市永山町に「ザ・ビッグ永山店」オープン,https://www.ryutsuu.biz
ジョウヤマイチ佐藤 『ぶりハム』 - 函館新聞デジタル,https://digital.hakoshin.jp
横浜高島屋「大北海道展」北海道グルメ＆スイーツ約80店舗 ...,https://hamakore.yokohama
埼玉に生麺メーカー集結（全麺連） 初の中華麺コンペ表彰も,https://shokuhin.net
牛・豚・鶏肉の加工や配達で役に立っている会社の ... - エン転職,https://employment.en-japan.com
育児・託児支援制度 の転職・求人検索結果 - 北海道 - DODA,https://doda.jp
ベビー服ロンパース,https://www.hallo.tv
富山県産放牧豚 Forever Pork 富山県産モモ煮豚200g×3パック,https://iepfv.org
冷凍で実現！極上グルメ～凍らせて創る未体験の味 - テレビ東京,https://www.tv-tokyo.co.jp
マックスバリュエクスプレス熱海咲見町店がオープン,https://retailguide.tokubai.co.jp
サンタの家周辺 ツリーやランタン5000個【広尾】,https://hokkaido-nl.jp
【かかります】 送料無料 まるかん スリムドカン ＆ びっくり ...,http://santaclara.org.br
2022年11月発送開始『定期便』三大蟹食べ比べ厳選真ほっけ2 ...,https://backup.4medic.com.br
2022年度「HACCP・食品安全管理セミナー」第1回・第2回を ...,https://www.obihiro.ac.jp
十勝・帯広における本日の発生状況,https://www.city.obihiro.hokkaido.jp
カボチャ粉 佐呂間で加工ピーク：北海道新聞 どうしん電子版,https://www.hokkaido-np.co.jp
大北海道展 | 特集 | 高島屋オンラインストア,https://www.takashimaya.co.jp
【公式】ナゴパイナップルパーク,https://www.nagopine.com
,https://www.churatoku.net
,https://www.aeon-ryukyu.jp
,https://seeing-japan.com
,https://www.kudamononavi.com
沖縄のパイナップル,http://www.okinawainfo.net
沖縄のパイナップル｜国産のほとんどが沖縄産！食べ頃や ...,https://www.orionbeer.co.jp
【楽天市場】沖縄 パイナップルの通販,https://search.rakuten.co.jp
パインアップル | 果物 | JAおきなわの特産品,https://www.ja-okinawa.or.jp
沖縄県産パインについて（銘品九州）,https://www.meihin-kyushu.com
生産量日本一のフルーツ沖縄のパイナップル - ちゅらとく,https://www.churatoku.net
沖縄産フルーツ - パイナップル王国,https://shop.nagopain.com
沖縄県のパイナップルの生産者 - 食べチョク,https://www.tabechoku.com
沖縄【パイナップルハウス】パイナップル食べ放題の穴場 ...,https://aumo.jp
ナゴパイナップルパーク｜施設が大幅にリニューアル★2022 ...,https://oki-raku.net
ナゴパイナップルパークが最大10%割引 - アソビュー！,https://www.asoview.com
【沖縄県】パインの楽園？！「ナゴパイナップルパーク」で ...,https://jsbs2012.jp
【沖縄北部】東村の特産品はパイナップル！時期や販売店,https://okinawahokubu.com
沖縄県産パイナップル(パインアップル) 沖縄琉堂 (1kg以上(1 ...,https://www.amazon.co.jp
沖縄県産パイナップル(パインアップル) 沖縄琉堂 (1kg以上(1 ...,https://www.amazon.co.jp
沖縄パイナップルの写真素材 - photoAC,https://www.photo-ac.com
人気の沖縄産の美味しいパイナップルの通販おすすめランキング,https://food.biglobe.ne.jp
パイナップルの記事一覧 | 沖縄タイムス＋プラス,https://www.okinawatimes.co.jp
"沖縄県,パイナップルのお礼品・返礼品一覧 - さとふる",https://www.satofull.jp
パインアップル | くゎっちーおきなわ！沖縄食材情報サイト,https://kuwachii-okinawa.com
パイナップル特集 | イオンの沖縄土産・特産品通販サイト ...,https://shop.aeon-ryukyu.com
沖縄の豚肉専門店（パイナップルポーク公式通販） ...,https://www.kanemasameat.co.jp
パイナップル | ふるさと納税の返礼品一覧（17サイト横断 ...,https://furu-sato.com
500ml 業務用 Ribbon沖縄パイナップルシロップ｜ドリンク,https://professionaluse.pokkasapporo-fb.jp
【みちの駅】やんばるパイナップルの丘 安波,https://pineapple-hills.jp
名護パイナップルワイナリー,http://www.nagopineapplewinery.com
ピュレグミプレミアム沖縄産パイナップル - Kanro POCKeT,https://kanro.jp
沖縄パイナップル - 沖縄の島野菜と果物,https://okinawa-cafe.net
名護パイナップルワイナリーの新たな挑戦で沖縄の ...,https://camp-fire.jp
沖縄産 パイナップル,https://omishokai.ocnk.net
沖縄限定 パイナップルアメ - セイカ食品,https://www.seikafoods.jp
NIPPON PREMIUM 沖縄県産パイナップル - オエノングループ,https://www.oenon.jp
ナゴパイナップルパークでの遊び方｜沖縄ラボPassでもっと ...,https://okinawa-labo.com
沖縄のパイナップルは、注目集める台湾産に勝てるか？,https://www.nippon.com
パインアップルの歴史と研究開発の現状 - 東村,https://www.vill.higashi.okinawa.jp
沖縄県産パイナップル グミ | 商品ラインナップ紹介 - ＪＡ全農,https://www.zennoh.or.jp
ナゴパイナップルパーク - 沖縄観光チャンネル,https://www.odnsym.com
沖縄パイナップル(沖縄県産)|有機野菜 通販 Ｏｉｓｉｘ(おいしっくす),https://www.oisix.com
ちぎって食べる！沖縄「スナックパイン」人気の食べ方4選,https://macaro-ni.jp
パインアップルのレシピ128件 - 沖縄料理レシピなら おきレシ,https://www.okireci.net
国産パイナップルといえば、沖縄県 - たべごろnavi,https://www.tabegoronavi.com
沖縄 パイナップル ピーチパイン 2.5kg ＜5月中旬より順次出荷 ...,https://www.oshimaya.jp
沖縄 パイナップル 島パイン 2.5kg 約2玉～6玉入り 送料無料 ...,https://www.oshimaya.jp
沖縄でパイナップル天国発見！「ナゴパイナップルパーク」,https://gurutabi.gnavi.co.jp
ナゴパイナップルパーク | リッカドッカ沖縄ナビ,https://www.okinawatraveler.net
二度と行かない - ナゴパイナップルパークの口コミ,https://www.tripadvisor.jp
【ナゴパイナップルパーク】予約・アクセス・割引クーポン,https://www.jalan.net
パイナップルができるまで | 【公式】石垣島SUNファーム,https://www.sun-farm.info
おいしい！ には訳がある。父子で取り組む沖縄産の ...,https://okinawaclip.com
沖縄県西表島パイナップル・パイン品種の説明 - 農園はこすけ,https://www.hakosuke.com
ゴールドバレル パイン パイナップル 沖縄県東村産 特選 1玉 約 ...,https://www.aionline-japan.com
KUKURU SWEETS FOREST｜沖縄産のパインアップルや紅芋 ...,http://kukuru.okinawa
沖縄県産パイナップルの通販・販売店一覧 - たくさんとくさん,https://www.takusan.net
沖縄産 パイナップル搾り12％720ml - ヘリオス酒造,https://www.helios-shop.jp
明治パイナップルレモネード | 飲料 | 沖縄明治乳業株式会社,https://www.okinawa-meiji.co.jp
沖縄県産パイナップル のお取り寄せは琉球本舗,http://www.ryukyu-h.com
パイナップルのおすすめ10選｜人気の台湾産や沖縄県・石垣島 ...,https://osusume.mynavi.jp
ナゴパイナップルパークの入場料金・クーポン情報まとめ！,https://epark.jp
沖縄限定 ぷっちょ パイナップル味 - おきなわ屋産地直送 ...,https://okinawa-ya.shop-pro.jp
パイナップルからジーンズ 沖縄発の循環ビジネス,https://www.fnn.jp
ストア パイナップルぱいん 95g×10個〔送料無料〕沖縄産 ...,https://beacondinernj.com
沖縄はるさージャムパイナップル 160g,https://ogimishikuwasa-park.com
高校生から高齢者まで楽しく収入アップ。パイナップルで沖縄 ...,https://colorfuru.jp
旬の夏に沖縄の「パイナップル」を味わい尽くす！ | 特集記事,http://okinawatravelinfo.com
"久米島印商店,パイナップル2個（ハワイ種N67-10）,沖縄 ...",https://dentafill.uz
ナゴパイナップルパーク | 沖縄観光情報WEBサイト おきなわ ...,https://www.okinawastory.jp
石垣島しまかろいファーム / 沖縄石垣島農家直送パイナップル,https://shimakaroi.com
沖縄県産 ゴールドバレル 国産最高級パイナップル 1kg以上 1 ...,https://www.childrensspacelearningacademy.com
沖縄ブランド豚肉【パイナップルポーク純】専門店,https://www.kanemasa-jun.com
沖縄シークワーサー＆パイナップル | ダノンビオ,https://www.danone.co.jp
ニッポンエール 沖縄県産パイナップルグミ（10袋）,https://www.zfc-shop.jp
ついに本家台湾を超えた！？絶品「パイナップルケーキ」！,https://okinawa-repeat.com
沖縄のパイナップルチャーハンに関するお店 - 食べログ,https://tabelog.com
サンドルチェ 沖縄産パイナップル 沖縄産フルーツの新星,http://noisevalue.co.jp
パイナップル | 沖縄本島の観光・オプショナルツアー専門予約 ...,https://www.veltra.com
ナゴパイナップルパーク 歌がやみつき！沖縄北部のパインの ...,https://okinawameguri.com
手でちぎれる！沖縄の極甘パイナップル『スナックパイン ...,https://tsukijiichiba.shokubunka.co.jp
マスコット ゆきお沖縄 パイナップル,https://am-sanwa.co.jp
沖縄・石垣島からお届けするパイナップル＆島野菜の通信販売 ...,https://ishigaki-henna.com
沖縄県名護市のナゴパイナップルパークの南国フルーツ特集,https://www.furusato-tax.jp
『パイナップル・ツアーズ』公式ホームページ,http://pineapple-tours.com
パイナップル葉繊維ストローを発売｜株式会社フードリボンの ...,https://prtimes.jp
夏場のパイナップルで作る缶詰やジュースをお披露目 名護,https://www3.nhk.or.jp
パイナップルシフォンケーキ 15個入 /沖縄お土産 お菓子,https://brentviewmedical.com
パイナップル農園の視察 - OKINAWA CACAO,https://okinawacacao.com
沖縄完熟パイナップルタルト | 直販 - モクモクショップ,https://mokushop.jp
開業40周年！沖縄 「ナゴパイナップルパーク」の魅力を ...,https://feeljapan.net
人気のセット券 美ら海パック（ナゴパイナップルパーク ... - HIS,https://www.his-j.com
パイナップルの葉とバナナの茎から繊維の抽出を沖縄県内で開始,https://food-reborn.co.jp
パイナップルケーキ－宮城菓子店－石垣島土産・特産品製造販売,http://miyagikasiten.com
沖縄産スナックパイン業務用約20.0kg 野菜 訳あり フルーツ ...,https://cta.org.mz
ナゴパイナップルパーク（沖縄県／名護）｜営業時間・アクセス,https://rurubu.jp
沖縄パイナップルバスクチーズケーキBB | すべての商品,https://b-b.tokyo
「ナゴパイナップルパーク」パインを使ったお菓子がいーっ ...,https://okinawaa.com
パイナップルプレミアムケーキ | 商品詳細 - ANA FESTA,https://www.anafesta.com
沖縄 パイナップル ぬいぐるみの中古/未使用品 - メルカリ,https://jp.mercari.com
沖縄観光タクシーフリープラン ナゴパイナップルパーク,https://www.rakurakutaxi.jp
【産地訪問レポート】パイナップル育成指導員 渡久山さん ...,https://www.kitaoka-honten.com
【沖縄で体験】パイナップル農家見学と繊維加工体験 ... - Zenes,https://www.zenes.jp
沖縄産 【販売終了】パイナップル(ゴールドバレル小玉サイズ ...,https://ec.edono1.com
今度は沖縄パイナップルで「ちむどんどん」 崎陽軒「横濱 ...,https://www.okinawa-kurozatou.or.jp
白い果肉のパイナップル「ホワイトココ」が誕生 甘い香り ...,https://ryukyushimpo.jp
生まれ変わった「ナゴパイナップルパーク」の魅力をたっぷりご ...,https://iitoko-okinawa.jp
ナゴパイナップルパークで食いだおれ - たびらい,https://www.tabirai.net
沖縄旬青果 パインアップル - 琉堂,https://ryudogroup.com
沖縄県産 2種の甘みたっぷり国産パイナップル『ピーチパイン』 ...,https://celeb-de-gifts.jp
ナゴパイナップルパーク｜雨の日でもおいしく楽しめるパインの ...,https://okinawatravel.jp
道の駅「やんばるパイナップルの丘 安波」3月 30日オープン,https://travel.watch.impress.co.jp
沖縄 パイナップル - さらさ JAWA秋田,https://jawa-akita.com
すべての試食を食べ尽くせ！ナゴパイナップルパーク,https://www.smartmagazine.jp
寶 沖縄産パイナップルのお酒「沖縄パイン」 新発売 - 宝酒造,https://www.takarashuzo.co.jp
今日のおやつ：沖縄県産のあまーい「スナックパイン」ちぎっ ...,https://colocal.jp
沖縄県食べ比べたい品種いろいろパイナップル - 株式会社まつの,https://www.matuno.co.jp
沖縄スナックパイン｜石垣のピーチパイン｜まぼろしの果実 ...,https://www.maboroshi-fruits.com
パイナップルの話,http://www.zephyr.justhpbs.jp
宮古島のパイン農園（甘いパイナップルをお届け） | 沖縄 ...,https://www.ni-ni-pain.com
パイナップル好き必見！沖縄で人気のナゴパイナップルパーク ...,https://seeing-japan.com
しっとり食感にうっとり！沖縄の「パイナップルケーキ ...,https://hito-tema.net
ナゴパイナップルパーク 歌がやみつき！沖縄北部のパインの ...,https://okinawameguri.com
『ピーチパイン』沖縄県産パイナップル 約500g×3玉 計約1.5 ...,https://www.tsukijiichiba.com
沖縄産『マンゴー』『パインアップル』トップセールス【17日開催】,https://www.tokyo-seika.co.jp
ナゴパイナップルパーク【割引クーポン・見頃時期】CM ...,https://fujita3.com
皆さんご存知？ 珍しいパイナップル その2 - 沖縄北部,https://www.north-okinawa.com
【送料無料】産地直送！沖縄産スナックパイン,https://okinawa-time.com
イタリアンバル シエナ一丁目 ドリンク - ホットペッパーグルメ,https://www.hotpepper.jp
イタリアンバル シエナ一丁目 ドリンク - ホットペッパーグルメ,https://www.hotpepper.jp
琉球ゴールデンキングス,https://goldenkings.jp
【公式】おきなわワールド 沖縄の魅力のすべてが一堂に ...,https://www.gyokusendo.co.jp
Pancake＆Food - Eggs 'n Things 【公式】,https://www.eggsnthingsjapan.com
今日のチラシ｜株式会社サンエー,https://www.san-a.co.jp
横浜で沖縄の食と文化の祭典「鶴見ウチナー祭」開催！本場 ...,https://hamapita.com
メニュー紹介 - はま寿司,https://www.hama-sushi.co.jp
メニュー｜くら寿司 ホームページ,https://www.kurasushi.co.jp
"パイナップル パーク 沖縄 最安価格, 42% 割引",https://bennettcontracting.com
国産 パイナップル 送料無料 スナックパイン 1.6kg 5月上旬 ...,https://peacedental.com
アイスドリンク｜メニュー｜ドトールコーヒーショップ,https://www.doutor.co.jp
メニュー - ロッテリア,https://www.lotteria.jp
まっぷる 沖縄ベストスポット - 55 ページ - Google ブック検索結果,https://books.google.co.jp
石垣島で台湾を歩く　もうひとつの沖縄ガイド - Google ブック検索結果,https://books.google.co.jp
るるぶこどもと行く沖縄　超ちいサイズ（2022年版）,https://books.google.co.jp
ピザメニュー Menu - Domino's Pizza,https://www.dominos.jp
スシローのメニュー | 回転寿司 スシロー,https://www.akindo-sushiro.co.jp
ドリンク|商品情報|TULLY'S COFFEE - タリーズコーヒー,https://www.tullys.co.jp
買う一覧 | 【公式】那覇市国際通り商店街,https://naha-kokusaidori.okinawa
蒂歴子 生 500g×2 栃本天海堂 テイレキシ ていれきし 中国産,https://preprod.trailadventuremag.fr
MENU | Gong cha Japan | 台湾茶 | アジアン ティー カフェ,https://www.gongcha.co.jp
冷凍食品｜商品情報｜ファミリーマート,https://www.family.co.jp
日本国内のアクティビティ・現地体験 ... - JJ Activity,https://jjactivity.com
petit main(プティマイン)公式通販サイト | NARUMIYA ONLINE,https://www.narumiya-online.jp
沖縄の大学から初のドラフト指名 仲地礼亜、中日の1位に,https://mainichi.jp
OKINAWAGAY携帯トップ - 沖縄ゲイ情報裏掲示板,http://okinawagay.net
ジャンボパイナップルマットレス189×93×20?p(中古品),https://wowma.jp
カルディコーヒーファーム オンラインストア,https://www.kaldi.co.jp
フレーバー FLAVOR - サーティワンアイスクリーム,https://www.31ice.co.jp
宮古島で生まれたクラフトジン【MIYAKO GIN】が沖縄の老舗 ...,https://gourmetpress.net
フラペチーノ®｜ビバレッジ - スターバックス コーヒー ジャパン,https://product.starbucks.co.jp
【知って楽しい雑学】みかんやパイナップルの缶詰は見かける ...,https://woman.excite.co.jp
ラ・オハナ | すかいらーくグループ,https://www.skylark.co.jp
鳥取の梨【新甘泉（しんかんせん）5kg（10～18玉）】【送料 ...,http://www.giftpark.co.jp
旅する全国うまいもの会 | 催事情報一覧 - 京急百貨店・上大岡駅,https://www.keikyu-depart.com
店舗・チラシ検索 | 株式会社ヨーク,https://www.york-inc.com
チバリヨ-30 （パチスロ）天井・設定差・打ち方・解析 ...,https://p-town.dmm.com
横濱パイナップルケーキ 黒糖 - 崎陽軒,https://kiyoken.com
シーフードレストラン メヒコ,http://www.mehico.com
3141/1000 根差部児童公園（沖縄県豊見城市）,https://nippon1000parks.blogspot.com
商品情報 - ミニストップ,https://www.ministop.co.jp
クッキーガイド | 株式会社アントステラ,https://www.auntstella.co.jp
スターバックス新作メニュー情報まとめ - フラペチーノや ...,https://www.fashion-press.net
超ハイスペ妻の徒然日記 - Amebaブログ,https://ameblo.jp
ヒューマングルメンタリー オモウマい店ピックアップ番組,https://www.teny.co.jp
高級素材使用ブランド キリン 氷結無糖 レモン 9% 350ml缶×1 ...,https://timesource.nl
「100％スムージー バナナベース」180g×30本 - Kuradashi,https://kuradashi.jp
シークワーサーを求めて・2022沖縄旅その3 - フォートラベル,https://4travel.jp
フレッシュプラザ 【ユニオン(UNION)】〜24時間あいてます！,https://union-okinawa.com
愛寿オリジナル 手作りパイナップルケーキ・蛋黄酥｜KKday ...,https://m.kkday.com
琉球銀行（りゅうぎん）｜”わくわく”を広げる銀行,https://www.ryugin.co.jp
JTB 旅の過ごし方,https://tabisugo.jtb.co.jp
鈴木ハーブ研究所 パイナップル豆乳ローションプレミアム ...,https://portofutebolclube.com.br
レストラン コーラルブルー /インギャーコーラルヴィレッジ,https://www.tablecheck.com
るるぶ沖縄ドライブ'22 - 104 ページ - Google ブック検索結果,https://books.google.co.jp
るるぶ沖縄'23 - 135 ページ - Google ブック検索結果,https://books.google.co.jp
沖縄 完全版2022 - 19 ページ - Google ブック検索結果,https://books.google.co.jp
るるぶ沖縄ドライブ’18 - 48 ページ - Google ブック検索結果,https://books.google.co.jp
るるぶ沖縄'22 - 286 ページ - Google ブック検索結果,https://books.google.co.jp
【公式】ナゴパイナップルパーク,https://www.nagopine.com
,https://www.churatoku.net
,https://www.aeon-ryukyu.jp
,https://seeing-japan.com
,https://tokubai.co.jp
沖縄のパイナップル｜国産のほとんどが沖縄産！食べ頃や ...,https://www.orionbeer.co.jp
沖縄のパイナップル,http://www.okinawainfo.net
パインアップル | 果物 | JAおきなわの特産品,https://www.ja-okinawa.or.jp
【楽天市場】沖縄 パイナップルの通販,https://search.rakuten.co.jp
生産量日本一のフルーツ沖縄のパイナップル - ちゅらとく,https://www.churatoku.net
沖縄県産パインについて（銘品九州）,https://www.meihin-kyushu.com
施設案内 - パイナップル王国,https://shop.nagopain.com
【沖縄北部】東村の特産品はパイナップル！時期や販売店,https://okinawahokubu.com
沖縄県のパイナップルの生産者 - 食べチョク,https://www.tabechoku.com
パイナップルの産地直送お取り寄せ商品一覧 - 果物 - 食べチョク,https://www.tabechoku.com
人気の沖縄産の美味しいパイナップルの通販おすすめランキング,https://food.biglobe.ne.jp
【沖縄県】パインの楽園？！「ナゴパイナップルパーク」で ...,https://jsbs2012.jp
ナゴパイナップルパーク｜施設が大幅にリニューアル★2022 ...,https://oki-raku.net
沖縄のパイナップルは、注目集める台湾産に勝てるか？,https://www.nippon.com
沖縄県西表島パイナップル・パイン品種の説明 - 農園はこすけ,https://www.hakosuke.com
沖縄県産パイナップル(パインアップル) 沖縄琉堂 (1kg以上(1 ...,https://www.amazon.co.jp
沖縄パイナップル - 沖縄の島野菜と果物,https://okinawa-cafe.net
沖縄 パイナップル ピーチパイン 2.5kg ＜5月中旬より順次出荷 ...,https://www.oshimaya.jp
沖縄でパイナップル天国発見！「ナゴパイナップルパーク」,https://gurutabi.gnavi.co.jp
名護パイナップルワイナリー,http://www.nagopineapplewinery.com
"沖縄県,パイナップルのお礼品・返礼品一覧 - さとふる",https://www.satofull.jp
パイナップルの記事一覧 | 沖縄タイムス＋プラス,https://www.okinawatimes.co.jp
沖縄パイナップル(沖縄県産)|有機野菜 通販 Ｏｉｓｉｘ(おいしっくす),https://www.oisix.com
沖縄県産 フルーツ ゴールドバレル パイナップル - 沖縄たま青果,https://omishokai.ocnk.net
パイナップル特集 | イオンの沖縄土産・特産品通販サイト ...,https://shop.aeon-ryukyu.com
旬の夏に沖縄の「パイナップル」を味わい尽くす！ | 特集記事,http://okinawatravelinfo.com
沖縄パイナップルの写真素材 - photoAC,https://www.photo-ac.com
【みちの駅】やんばるパイナップルの丘 安波,https://pineapple-hills.jp
ゴールドバレル パイン パイナップル 沖縄県東村産 特選 1玉 ...,https://www.aionline-japan.com
パインアップルの歴史と研究開発の現状 - 東村,https://www.vill.higashi.okinawa.jp
おいしい！ には訳がある。父子で取り組む沖縄産の ...,https://okinawaclip.com
国産パイナップルといえば、沖縄県 - たべごろnavi,https://www.tabegoronavi.com
ちぎって食べる！沖縄「スナックパイン」人気の食べ方4選,https://macaro-ni.jp
パイナップル | ふるさと納税の返礼品一覧（17サイト横断 ...,https://furu-sato.com
パインアップル | くゎっちーおきなわ！沖縄食材情報サイト,https://kuwachii-okinawa.com
ピュレグミプレミアム沖縄産パイナップル - Kanro POCKeT,https://kanro.jp
『ピーチパイン』沖縄県産パイナップル 約500g×3玉 計約1.5kg ...,https://www.tsukijiichiba.com
沖縄県産 パインアップル｜K&K にっぽんの果実,https://www.kokubu.co.jp
ナゴパイナップルパーク - 沖縄観光チャンネル,https://www.odnsym.com
マスコット ゆきお沖縄 パイナップル,https://am-sanwa.co.jp
沖縄の豚肉専門店（パイナップルポーク公式通販） ...,https://www.kanemasameat.co.jp
沖縄限定 パイナップルアメ - セイカ食品,https://www.seikafoods.jp
パインアップルのレシピ128件 - 沖縄料理レシピなら おきレシ,https://www.okireci.net
沖縄産 パイナップル搾り12％720ml - ヘリオス酒造,https://www.helios-shop.jp
KUKKU Limited パイナップルパウダー（沖縄県産）30g 無 ...,https://www.inic-market.com
沖縄パイナップル(沖縄県産) - ISETAN DOOR,https://isetandoor.mistore.jp
二度と行かない - ナゴパイナップルパークの口コミ,https://www.tripadvisor.jp
沖縄県産パイナップルの通販・販売店一覧 - たくさんとくさん,https://www.takusan.net
沖縄県産 ゴールドバレル 国産最高級パイナップル 1kg以上 1 ...,https://www.childrensspacelearningacademy.com
NIPPON PREMIUM 沖縄県産パイナップル - オエノングループ,https://www.oenon.jp
パイナップルができるまで | 【公式】石垣島SUNファーム,https://www.sun-farm.info
沖縄県産パイナップル グミ | 商品ラインナップ紹介 - JA全農,https://www.zennoh.or.jp
500ml 業務用 Ribbon沖縄パイナップルシロップ｜ドリンク,https://professionaluse.pokkasapporo-fb.jp
高校生から高齢者まで楽しく収入アップ。パイナップルで沖縄 ...,https://colorfuru.jp
今日のおやつ：沖縄県産のあまーい「スナックパイン」ちぎって ...,https://colocal.jp
ナゴパイナップルパークが最大10%割引 - アソビュー！,https://www.asoview.com
独創的 パイナップルぱいん 95g×10個〔送料無料〕沖縄産 ...,https://beacondinernj.com
【ナゴパイナップルパーク】予約・アクセス・割引クーポン,https://www.jalan.net
沖縄県産パイナップル のお取り寄せは琉球本舗,http://www.ryukyu-h.com
沖縄限定 ぷっちょ パイナップル味 - おきなわ屋産地直送 ...,https://okinawa-ya.shop-pro.jp
国産パインアップルを求め、沖縄へGO！ - カルチベ,https://karuchibe.jp
沖縄【パイナップルハウス】パイナップル食べ放題の穴場 ...,https://aumo.jp
ナゴパイナップルパークでの遊び方｜沖縄ラボPassでもっと ...,https://okinawa-labo.com
手でちぎれる！沖縄の極甘パイナップル『スナックパイン ...,https://tsukijiichiba.shokubunka.co.jp
ナゴパイナップルパークの入場料金・クーポン情報まとめ！,https://epark.jp
ナゴパイナップルパークでの遊び方｜沖縄ラボPassでもっと ...,https://okinawa-labo.com
パイナップルからジーンズ 沖縄発の循環ビジネス,https://www.fnn.jp
沖縄ブランド豚肉【パイナップルポーク純】専門店,https://www.kanemasa-jun.com
ニッポンエール 沖縄県産パイナップルグミ（10袋）,https://www.zfc-shop.jp
パイナップルのおすすめ10選｜人気の台湾産や沖縄県・石垣島 ...,https://osusume.mynavi.jp
沖縄産スナックパイン業務用約20.0kg 野菜 訳あり フルーツ ...,https://cta.org.mz
沖縄完熟パイナップルタルト | 直販 - モクモクショップ,https://mokushop.jp
沖縄のお土産に最適！パイナップルぱいん ドライパイン 沖縄 ...,https://www.dentafill.uz
沖縄県産タダオゴールド 3kg以上 2～3玉 パイン パイナップル ...,https://www.dentafill.uz
夏場のパイナップルで作る缶詰やジュースをお披露目 名護,https://www3.nhk.or.jp
KUKURU SWEETS FOREST｜沖縄産のパインアップルや紅芋 ...,http://kukuru.okinawa
パイナップル | 沖縄本島の観光・オプショナルツアー専門予約 ...,https://www.veltra.com
沖縄・石垣島からお届けするパイナップル＆島野菜の通信販売 ...,https://ishigaki-henna.com
パイナップル – 沖縄産直市場｜沖縄のお土産・グルメの専門店,https://gsokinawa.com
ついに本家台湾を超えた！？絶品「パイナップルケーキ」！,https://okinawa-repeat.com
新品種パインアップル『サンドルチェ』沖縄県産 1玉 約1kg ...,https://www.umai-mon.com
パイナップル狩りツアー | 【公式】カヌチャリゾート,https://www.kanucha.jp
【沖縄で体験】パイナップル農家見学と繊維加工体験 ... - Zenes,https://www.zenes.jp
沖縄 パイナップル ぬいぐるみの中古/未使用品 - メルカリ,https://jp.mercari.com
パイナップルの葉とバナナの茎から繊維の抽出を沖縄県内で開始,https://food-reborn.co.jp
沖縄産 【販売終了】パイナップル(ゴールドバレル小玉サイズ ...,https://ec.edono1.com
"沖縄 パイナップル 畑 時期 熱販売, 66% 割引 | saferoad.com.sa",https://www.saferoad.com.sa
沖縄スナックパイン販売 ボゴール種国産パイナップルを通販 ...,https://556.jp
白い果肉のパイナップル「ホワイトココ」が誕生 甘い香り ...,https://ryukyushimpo.jp
サンドルチェ 沖縄産パイナップル 沖縄産フルーツの新星,http://noisevalue.co.jp
パイナップル(沖縄県産) - J-DRY,https://j-dry.com
ナゴパイナップルパーク（沖縄県／名護）｜営業時間・アクセス,https://rurubu.jp
沖縄シークワーサー＆パイナップル | ダノンビオ,https://www.danone.co.jp
沖縄県名護市のナゴパイナップルパークの南国フルーツ特集,https://www.furusato-tax.jp
名護パイナップルワイナリーの新たな挑戦で沖縄の ...,https://camp-fire.jp
今度は沖縄パイナップルで「ちむどんどん」 崎陽軒「横濱 ...,https://www.okinawa-kurozatou.or.jp
開業40周年！沖縄 「ナゴパイナップルパーク」の魅力を ...,https://feeljapan.net
ふるさと納税のパイナップルの還元率&コスパ(量)ランキング ...,https://www.furusato-tax.club
ナゴパイナップルパーク | リッカドッカ沖縄ナビ,https://www.okinawatraveler.net
ナゴパイナップルパーク | 沖縄観光情報WEBサイト おきなわ物語,https://www.okinawastory.jp
ナゴパイナップルパークで食いだおれ - たびらい,https://www.tabirai.net
道の駅「やんばるパイナップルの丘 安波」3月 30日オープン,https://travel.watch.impress.co.jp
すべての試食を食べ尽くせ！ナゴパイナップルパーク,https://www.smartmagazine.jp
沖縄パインアップルについて青果の道40年の男が詳しく語ります,https://www.seika.aussie-fan.co.jp
沖縄県産 2種の甘みたっぷり国産パイナップル『ピーチパイン』 ...,https://celeb-de-gifts.jp
沖縄県食べ比べたい品種いろいろパイナップル - 株式会社まつの,https://www.matuno.co.jp
寶 沖縄産パイナップルのお酒「沖縄パイン」 新発売 - 宝酒造,https://www.takarashuzo.co.jp
生まれ変わった「ナゴパイナップルパーク」の魅力をたっぷり ...,https://iitoko-okinawa.jp
パイナップルの話,http://www.zephyr.justhpbs.jp
沖縄県産 観賞用 ミニパイナップルの育て方！！ - Ameba,https://ameblo.jp
パイナップル好き必見！沖縄で人気のナゴパイナップルパーク ...,https://seeing-japan.com
沖縄旬青果 パインアップル - 琉堂,https://ryudogroup.com
「沖縄やんばるパイン」国産100％のストレートジュース,https://shop.kagome.co.jp
沖縄県産パイナップルの品種や栄養・保管方法などをご紹介,https://www.traveler-map.com
ナゴパイナップルパーク｜雨の日でもおいしく楽しめるパイン ...,https://okinawatravel.jp
沖縄スナックパイン｜石垣のピーチパイン｜まぼろしの果実． ...,https://www.maboroshi-fruits.com
宮古島のパイン農園（甘いパイナップルをお届け） | 沖縄 ...,https://www.ni-ni-pain.com
皆さんご存知？ 珍しいパイナップル その2 - 沖縄北部,https://www.north-okinawa.com
ナゴパイナップルパーク【割引クーポン・見頃時期】CM ...,https://fujita3.com
【送料無料】産地直送！沖縄産スナックパイン,https://okinawa-time.com
沖縄 完全版2019 - 137 ページ - Google ブック検索結果,https://books.google.co.jp
Pancake＆Food - Eggs 'n Things 【公式】,https://www.eggsnthingsjapan.com
【公式】おきなわワールド 沖縄の魅力のすべてが一堂に ...,https://www.gyokusendo.co.jp
今日のチラシ｜株式会社サンエー,https://www.san-a.co.jp
イタリアンバル シエナ一丁目 ドリンク - ホットペッパーグルメ,https://www.hotpepper.jp
メニュー紹介 - はま寿司,https://www.hama-sushi.co.jp
メニュー｜くら寿司 ホームページ,https://www.kurasushi.co.jp
横浜で沖縄の食と文化の祭典「鶴見ウチナー祭」開催！本場 ...,https://hamapita.com
アイスドリンク｜メニュー｜ドトールコーヒーショップ,https://www.doutor.co.jp
ピザメニュー Menu - Domino's Pizza,https://www.dominos.jp
メニュー - ロッテリア,https://www.lotteria.jp
るるぶこどもと行く沖縄 超ちいサイズ（2023年版）,https://books.google.co.jp
るるぶ沖縄ベスト'23 - 34 ページ - Google ブック検索結果,https://books.google.co.jp
スシローのメニュー | 回転寿司 スシロー,https://www.akindo-sushiro.co.jp
沖縄県産 ゴールドバレル 1kg以上 1～2玉 パイナップル パイン ...,https://www.lebanonexports.gov.lb
ドリンク|商品情報|TULLY'S COFFEE - タリーズコーヒー,https://www.tullys.co.jp
琉球ゴールデンキングス,https://goldenkings.jp
ゴールドバレル パイナップル 沖縄 石垣島産 高級 1.5kg前後 ...,https://tresil.com.br
MENU | Gong cha Japan | 台湾茶 | アジアン ティー カフェ,https://www.gongcha.co.jp
買う一覧 | 【公式】那覇市国際通り商店街,https://naha-kokusaidori.okinawa
冷凍食品｜商品情報｜ファミリーマート,https://www.family.co.jp
蒂歴子 生 500g×2 栃本天海堂 テイレキシ ていれきし 中国産,https://preprod.trailadventuremag.fr
日本国内のアクティビティ・現地体験 ... - JJ Activity,https://jjactivity.com
petit main(プティマイン)公式通販サイト | NARUMIYA ONLINE,https://www.narumiya-online.jp
カルディコーヒーファーム オンラインストア,https://www.kaldi.co.jp
OKINAWAGAY携帯トップ - 沖縄ゲイ情報裏掲示板,http://okinawagay.net
ジャンボパイナップルマットレス189×93×20?p(中古品),https://wowma.jp
フラペチーノ®｜ビバレッジ - スターバックス コーヒー ジャパン,https://product.starbucks.co.jp
沖縄の大学から初のドラフト指名 仲地礼亜、中日の1位に,https://mainichi.jp
フレーバー FLAVOR - サーティワンアイスクリーム,https://www.31ice.co.jp
宮古島で生まれたクラフトジン【MIYAKO GIN】が沖縄の老舗 ...,https://gourmetpress.net
世界に誇れる沖縄を、もうひとつつくろう。「オリオン ザ ...,https://prtimes.jp
【知って楽しい雑学】みかんやパイナップルの缶詰は見かける ...,https://woman.excite.co.jp
ラ・オハナ | すかいらーくグループ,https://www.skylark.co.jp
鳥取の梨【新甘泉（しんかんせん）5kg（10～18玉）】【送料 ...,http://www.giftpark.co.jp
横濱パイナップルケーキ 黒糖 - 崎陽軒,https://kiyoken.com
シーフードレストラン メヒコ,http://www.mehico.com
チバリヨ-30 （パチスロ）天井・設定差・打ち方・解析 ...,https://p-town.dmm.com
クッキーガイド | 株式会社アントステラ,https://www.auntstella.co.jp
3141/1000 根差部児童公園（沖縄県豊見城市）,https://nippon1000parks.blogspot.com
スターバックス新作メニュー情報まとめ - フラペチーノや ...,https://www.fashion-press.net
商品情報 - ミニストップ,https://www.ministop.co.jp
旅する全国うまいもの会 | 催事情報一覧 - 京急百貨店・上大岡駅,https://www.keikyu-depart.com
「100％スムージー バナナベース」180g×30本 - Kuradashi,https://kuradashi.jp
高級素材使用ブランド キリン 氷結無糖 レモン 9% 350ml缶×1 ...,https://timesource.nl
ヒューマングルメンタリー オモウマい店ピックアップ番組,https://www.teny.co.jp
日本酒ランキング2022 - SAKETIME,https://www.saketime.jp
フレッシュプラザ 【ユニオン(UNION)】〜24時間あいてます！,https://union-okinawa.com
宇咲ちゃん アイドル見習い沖縄武者修行中。 - ドッグ速報,https://dog-sokuhou.com
愛寿オリジナル 手作りパイナップルケーキ・蛋黄酥｜KKday ...,https://m.kkday.com
JTB 旅の過ごし方,https://tabisugo.jtb.co.jp
鈴木ハーブ研究所 パイナップル豆乳ローションプレミアム ...,https://portofutebolclube.com.br
店舗検索｜株式会社コスモス薬品,https://www.cosmospc.co.jp
るるぶ沖縄'22 - 162 ページ - Google ブック検索結果,https://books.google.co.jp
マンガ・クイズつき『桃太郎電鉄』で学ぶ47都道府県地理・歴史攻略,https://books.google.co.jp
るるぶ沖縄ベスト'22 - 15 ページ - Google ブック検索結果,https://books.google.co.jp
沖縄 完全版2022 - 47 ページ - Google ブック検索結果,https://books.google.co.jp
【公式】ナゴパイナップルパーク,https://www.nagopine.com
,https://www.churatoku.net
,https://www.aeon-ryukyu.jp
,https://seeing-japan.com
,https://tokubai.co.jp
沖縄のパイナップル｜国産のほとんどが沖縄産！食べ頃や ...,https://www.orionbeer.co.jp
沖縄のパイナップル,http://www.okinawainfo.net
パインアップル | 果物 | JAおきなわの特産品,https://www.ja-okinawa.or.jp
【楽天市場】沖縄 パイナップルの通販,https://search.rakuten.co.jp
生産量日本一のフルーツ沖縄のパイナップル - ちゅらとく,https://www.churatoku.net
沖縄県産パインについて（銘品九州）,https://www.meihin-kyushu.com
施設案内 - パイナップル王国,https://shop.nagopain.com
【沖縄北部】東村の特産品はパイナップル！時期や販売店,https://okinawahokubu.com
沖縄県のパイナップルの生産者 - 食べチョク,https://www.tabechoku.com
パイナップルの産地直送お取り寄せ商品一覧 - 果物 - 食べチョク,https://www.tabechoku.com
人気の沖縄産の美味しいパイナップルの通販おすすめランキング,https://food.biglobe.ne.jp
【沖縄県】パインの楽園？！「ナゴパイナップルパーク」で ...,https://jsbs2012.jp
ナゴパイナップルパーク｜施設が大幅にリニューアル★2022 ...,https://oki-raku.net
沖縄のパイナップルは、注目集める台湾産に勝てるか？,https://www.nippon.com
沖縄県西表島パイナップル・パイン品種の説明 - 農園はこすけ,https://www.hakosuke.com
沖縄県産パイナップル(パインアップル) 沖縄琉堂 (1kg以上(1 ...,https://www.amazon.co.jp
沖縄パイナップル - 沖縄の島野菜と果物,https://okinawa-cafe.net
沖縄 パイナップル ピーチパイン 2.5kg ＜5月中旬より順次出荷 ...,https://www.oshimaya.jp
沖縄でパイナップル天国発見！「ナゴパイナップルパーク」,https://gurutabi.gnavi.co.jp
名護パイナップルワイナリー,http://www.nagopineapplewinery.com
"沖縄県,パイナップルのお礼品・返礼品一覧 - さとふる",https://www.satofull.jp
パイナップルの記事一覧 | 沖縄タイムス＋プラス,https://www.okinawatimes.co.jp
沖縄パイナップル(沖縄県産)|有機野菜 通販 Ｏｉｓｉｘ(おいしっくす),https://www.oisix.com
沖縄県産 フルーツ ゴールドバレル パイナップル - 沖縄たま青果,https://omishokai.ocnk.net
パイナップル特集 | イオンの沖縄土産・特産品通販サイト ...,https://shop.aeon-ryukyu.com
旬の夏に沖縄の「パイナップル」を味わい尽くす！ | 特集記事,http://okinawatravelinfo.com
沖縄パイナップルの写真素材 - photoAC,https://www.photo-ac.com
【みちの駅】やんばるパイナップルの丘 安波,https://pineapple-hills.jp
ゴールドバレル パイン パイナップル 沖縄県東村産 特選 1玉 ...,https://www.aionline-japan.com
おいしい！ には訳がある。父子で取り組む沖縄産の ...,https://okinawaclip.com
パインアップルの歴史と研究開発の現状 - 東村,https://www.vill.higashi.okinawa.jp
国産パイナップルといえば、沖縄県 - たべごろnavi,https://www.tabegoronavi.com
ちぎって食べる！沖縄「スナックパイン」人気の食べ方4選,https://macaro-ni.jp
パイナップル | ふるさと納税の返礼品一覧（17サイト横断 ...,https://furu-sato.com
パインアップル | くゎっちーおきなわ！沖縄食材情報サイト,https://kuwachii-okinawa.com
ピュレグミプレミアム沖縄産パイナップル - Kanro POCKeT,https://kanro.jp
『ピーチパイン』沖縄県産パイナップル 約500g×3玉 計約1.5kg ...,https://www.tsukijiichiba.com
沖縄県産 パインアップル｜K&K にっぽんの果実,https://www.kokubu.co.jp
ナゴパイナップルパーク - 沖縄観光チャンネル,https://www.odnsym.com
マスコット ゆきお沖縄 パイナップル,https://am-sanwa.co.jp
沖縄の豚肉専門店（パイナップルポーク公式通販） ...,https://www.kanemasameat.co.jp
沖縄限定 パイナップルアメ - セイカ食品,https://www.seikafoods.jp
パインアップルのレシピ128件 - 沖縄料理レシピなら おきレシ,https://www.okireci.net
沖縄産 パイナップル搾り12％720ml - ヘリオス酒造,https://www.helios-shop.jp
KUKKU Limited パイナップルパウダー（沖縄県産）30g 無 ...,https://www.inic-market.com
沖縄パイナップル(沖縄県産) - ISETAN DOOR,https://isetandoor.mistore.jp
二度と行かない - ナゴパイナップルパークの口コミ,https://www.tripadvisor.jp
沖縄県産パイナップルの通販・販売店一覧 - たくさんとくさん,https://www.takusan.net
沖縄県産 ゴールドバレル 国産最高級パイナップル 1kg以上 1 ...,https://www.childrensspacelearningacademy.com
NIPPON PREMIUM 沖縄県産パイナップル - オエノングループ,https://www.oenon.jp
パイナップルができるまで | 【公式】石垣島SUNファーム,https://www.sun-farm.info
沖縄県産パイナップル グミ | 商品ラインナップ紹介 - JA全農,https://www.zennoh.or.jp
500ml 業務用 Ribbon沖縄パイナップルシロップ｜ドリンク,https://professionaluse.pokkasapporo-fb.jp
高校生から高齢者まで楽しく収入アップ。パイナップルで沖縄 ...,https://colorfuru.jp
今日のおやつ：沖縄県産のあまーい「スナックパイン」ちぎって ...,https://colocal.jp
ナゴパイナップルパークが最大10%割引 - アソビュー！,https://www.asoview.com
独創的 パイナップルぱいん 95g×10個〔送料無料〕沖縄産 ...,https://beacondinernj.com
【ナゴパイナップルパーク】予約・アクセス・割引クーポン,https://www.jalan.net
沖縄県産パイナップル のお取り寄せは琉球本舗,http://www.ryukyu-h.com
沖縄限定 ぷっちょ パイナップル味 - おきなわ屋産地直送 ...,https://okinawa-ya.shop-pro.jp
国産パインアップルを求め、沖縄へGO！ - カルチベ,https://karuchibe.jp
沖縄【パイナップルハウス】パイナップル食べ放題の穴場 ...,https://aumo.jp
手でちぎれる！沖縄の極甘パイナップル『スナックパイン ...,https://tsukijiichiba.shokubunka.co.jp
沖縄はるさージャムパイナップル 160g,https://ogimishikuwasa-park.com
ナゴパイナップルパークの入場料金・クーポン情報まとめ！,https://epark.jp
ナゴパイナップルパークでの遊び方｜沖縄ラボPassでもっと ...,https://okinawa-labo.com
パイナップルからジーンズ 沖縄発の循環ビジネス,https://www.fnn.jp
沖縄ブランド豚肉【パイナップルポーク純】専門店,https://www.kanemasa-jun.com
ニッポンエール 沖縄県産パイナップルグミ（10袋）,https://www.zfc-shop.jp
パイナップルのおすすめ10選｜人気の台湾産や沖縄県・石垣島 ...,https://osusume.mynavi.jp
沖縄産スナックパイン業務用約20.0kg 野菜 訳あり フルーツ ...,https://cta.org.mz
沖縄完熟パイナップルタルト | 直販 - モクモクショップ,https://mokushop.jp
沖縄のお土産に最適！パイナップルぱいん ドライパイン 沖縄 ...,https://www.dentafill.uz
沖縄県産タダオゴールド 3kg以上 2～3玉 パイン パイナップル ...,https://www.dentafill.uz
夏場のパイナップルで作る缶詰やジュースをお披露目 名護,https://www3.nhk.or.jp
KUKURU SWEETS FOREST｜沖縄産のパインアップルや紅芋 ...,http://kukuru.okinawa
パイナップル | 沖縄本島の観光・オプショナルツアー専門予約 ...,https://www.veltra.com
沖縄・石垣島からお届けするパイナップル＆島野菜の通信販売 ...,https://ishigaki-henna.com
パイナップル – 沖縄産直市場｜沖縄のお土産・グルメの専門店,https://gsokinawa.com
ついに本家台湾を超えた！？絶品「パイナップルケーキ」！,https://okinawa-repeat.com
新品種パインアップル『サンドルチェ』沖縄県産 1玉 約1kg ...,https://www.umai-mon.com
パイナップル狩りツアー | 【公式】カヌチャリゾート,https://www.kanucha.jp
【沖縄で体験】パイナップル農家見学と繊維加工体験 ... - Zenes,https://www.zenes.jp
沖縄 パイナップル ぬいぐるみの中古/未使用品 - メルカリ,https://jp.mercari.com
パイナップルの葉とバナナの茎から繊維の抽出を沖縄県内で開始,https://food-reborn.co.jp
沖縄産 【販売終了】パイナップル(ゴールドバレル小玉サイズ ...,https://ec.edono1.com
"沖縄 パイナップル 畑 時期 熱販売, 66% 割引 | saferoad.com.sa",https://www.saferoad.com.sa
沖縄スナックパイン販売 ボゴール種国産パイナップルを通販 ...,https://556.jp
白い果肉のパイナップル「ホワイトココ」が誕生 甘い香り ...,https://ryukyushimpo.jp
サンドルチェ 沖縄産パイナップル 沖縄産フルーツの新星,http://noisevalue.co.jp
パイナップル(沖縄県産) - J-DRY,https://j-dry.com
ナゴパイナップルパーク（沖縄県／名護）｜営業時間・アクセス,https://rurubu.jp
沖縄シークワーサー＆パイナップル | ダノンビオ,https://www.danone.co.jp
沖縄県名護市のナゴパイナップルパークの南国フルーツ特集,https://www.furusato-tax.jp
名護パイナップルワイナリーの新たな挑戦で沖縄の ...,https://camp-fire.jp
今度は沖縄パイナップルで「ちむどんどん」 崎陽軒「横濱 ...,https://www.okinawa-kurozatou.or.jp
開業40周年！沖縄 「ナゴパイナップルパーク」の魅力を ...,https://feeljapan.net
ふるさと納税のパイナップルの還元率&コスパ(量)ランキング ...,https://www.furusato-tax.club
ナゴパイナップルパーク | リッカドッカ沖縄ナビ,https://www.okinawatraveler.net
ナゴパイナップルパーク | 沖縄観光情報WEBサイト おきなわ物語,https://www.okinawastory.jp
ナゴパイナップルパークで食いだおれ - たびらい,https://www.tabirai.net
道の駅「やんばるパイナップルの丘 安波」3月 30日オープン,https://travel.watch.impress.co.jp
すべての試食を食べ尽くせ！ナゴパイナップルパーク,https://www.smartmagazine.jp
沖縄パインアップルについて青果の道40年の男が詳しく語ります,https://www.seika.aussie-fan.co.jp
沖縄県産 2種の甘みたっぷり国産パイナップル『ピーチパイン』 ...,https://celeb-de-gifts.jp
沖縄県食べ比べたい品種いろいろパイナップル - 株式会社まつの,https://www.matuno.co.jp
寶 沖縄産パイナップルのお酒「沖縄パイン」 新発売 - 宝酒造,https://www.takarashuzo.co.jp
生まれ変わった「ナゴパイナップルパーク」の魅力をたっぷり ...,https://iitoko-okinawa.jp
パイナップルの話,http://www.zephyr.justhpbs.jp
沖縄県産 観賞用 ミニパイナップルの育て方！！ - Ameba,https://ameblo.jp
パイナップル好き必見！沖縄で人気のナゴパイナップルパーク ...,https://seeing-japan.com
沖縄旬青果 パインアップル - 琉堂,https://ryudogroup.com
「沖縄やんばるパイン」国産100％のストレートジュース,https://shop.kagome.co.jp
沖縄県産パイナップルの品種や栄養・保管方法などをご紹介,https://www.traveler-map.com
ナゴパイナップルパーク｜雨の日でもおいしく楽しめるパイン ...,https://okinawatravel.jp
沖縄スナックパイン｜石垣のピーチパイン｜まぼろしの果実． ...,https://www.maboroshi-fruits.com
宮古島のパイン農園（甘いパイナップルをお届け） | 沖縄 ...,https://www.ni-ni-pain.com
皆さんご存知？ 珍しいパイナップル その2 - 沖縄北部,https://www.north-okinawa.com
ナゴパイナップルパーク【割引クーポン・見頃時期】CM ...,https://fujita3.com
【送料無料】産地直送！沖縄産スナックパイン,https://okinawa-time.com
沖縄 完全版2019 - 137 ページ - Google ブック検索結果,https://books.google.co.jp
Pancake＆Food - Eggs 'n Things 【公式】,https://www.eggsnthingsjapan.com
【公式】おきなわワールド 沖縄の魅力のすべてが一堂に ...,https://www.gyokusendo.co.jp
今日のチラシ｜株式会社サンエー,https://www.san-a.co.jp
イタリアンバル シエナ一丁目 ドリンク - ホットペッパーグルメ,https://www.hotpepper.jp
メニュー紹介 - はま寿司,https://www.hama-sushi.co.jp
メニュー｜くら寿司 ホームページ,https://www.kurasushi.co.jp
横浜で沖縄の食と文化の祭典「鶴見ウチナー祭」開催！本場 ...,https://hamapita.com
アイスドリンク｜メニュー｜ドトールコーヒーショップ,https://www.doutor.co.jp
ピザメニュー Menu - Domino's Pizza,https://www.dominos.jp
メニュー - ロッテリア,https://www.lotteria.jp
るるぶこどもと行く沖縄 超ちいサイズ（2023年版）,https://books.google.co.jp
るるぶ沖縄ベスト'23 - 34 ページ - Google ブック検索結果,https://books.google.co.jp
スシローのメニュー | 回転寿司 スシロー,https://www.akindo-sushiro.co.jp
沖縄県産 ゴールドバレル 1kg以上 1～2玉 パイナップル パイン ...,https://www.lebanonexports.gov.lb
ドリンク|商品情報|TULLY'S COFFEE - タリーズコーヒー,https://www.tullys.co.jp
琉球ゴールデンキングス,https://goldenkings.jp
ゴールドバレル パイナップル 沖縄 石垣島産 高級 1.5kg前後 ...,https://tresil.com.br
MENU | Gong cha Japan | 台湾茶 | アジアン ティー カフェ,https://www.gongcha.co.jp
買う一覧 | 【公式】那覇市国際通り商店街,https://naha-kokusaidori.okinawa
冷凍食品｜商品情報｜ファミリーマート,https://www.family.co.jp
蒂歴子 生 500g×2 栃本天海堂 テイレキシ ていれきし 中国産,https://preprod.trailadventuremag.fr
日本国内のアクティビティ・現地体験 ... - JJ Activity,https://jjactivity.com
petit main(プティマイン)公式通販サイト | NARUMIYA ONLINE,https://www.narumiya-online.jp
カルディコーヒーファーム オンラインストア,https://www.kaldi.co.jp
OKINAWAGAY携帯トップ - 沖縄ゲイ情報裏掲示板,http://okinawagay.net
ジャンボパイナップルマットレス189×93×20?p(中古品),https://wowma.jp
フラペチーノ®｜ビバレッジ - スターバックス コーヒー ジャパン,https://product.starbucks.co.jp
沖縄の大学から初のドラフト指名 仲地礼亜、中日の1位に,https://mainichi.jp
フレーバー FLAVOR - サーティワンアイスクリーム,https://www.31ice.co.jp
宮古島で生まれたクラフトジン【MIYAKO GIN】が沖縄の老舗 ...,https://gourmetpress.net
世界に誇れる沖縄を、もうひとつつくろう。「オリオン ザ ...,https://prtimes.jp
【知って楽しい雑学】みかんやパイナップルの缶詰は見かける ...,https://woman.excite.co.jp
ラ・オハナ | すかいらーくグループ,https://www.skylark.co.jp
鳥取の梨【新甘泉（しんかんせん）5kg（10～18玉）】【送料 ...,http://www.giftpark.co.jp
横濱パイナップルケーキ 黒糖 - 崎陽軒,https://kiyoken.com
シーフードレストラン メヒコ,http://www.mehico.com
チバリヨ-30 （パチスロ）天井・設定差・打ち方・解析 ...,https://p-town.dmm.com
クッキーガイド | 株式会社アントステラ,https://www.auntstella.co.jp
3141/1000 根差部児童公園（沖縄県豊見城市）,https://nippon1000parks.blogspot.com
スターバックス新作メニュー情報まとめ - フラペチーノや ...,https://www.fashion-press.net
商品情報 - ミニストップ,https://www.ministop.co.jp
旅する全国うまいもの会 | 催事情報一覧 - 京急百貨店・上大岡駅,https://www.keikyu-depart.com
「100％スムージー バナナベース」180g×30本 - Kuradashi,https://kuradashi.jp
高級素材使用ブランド キリン 氷結無糖 レモン 9% 350ml缶×1 ...,https://timesource.nl
ヒューマングルメンタリー オモウマい店ピックアップ番組,https://www.teny.co.jp
日本酒ランキング2022 - SAKETIME,https://www.saketime.jp
フレッシュプラザ 【ユニオン(UNION)】〜24時間あいてます！,https://union-okinawa.com
宇咲ちゃん アイドル見習い沖縄武者修行中。 - ドッグ速報,https://dog-sokuhou.com
愛寿オリジナル 手作りパイナップルケーキ・蛋黄酥｜KKday ...,https://m.kkday.com
JTB 旅の過ごし方,https://tabisugo.jtb.co.jp
鈴木ハーブ研究所 パイナップル豆乳ローションプレミアム ...,https://portofutebolclube.com.br
店舗検索｜株式会社コスモス薬品,https://www.cosmospc.co.jp
るるぶ沖縄'22 - 162 ページ - Google ブック検索結果,https://books.google.co.jp
マンガ・クイズつき『桃太郎電鉄』で学ぶ47都道府県地理・歴史攻略,https://books.google.co.jp
るるぶ沖縄ベスト'22 - 15 ページ - Google ブック検索結果,https://books.google.co.jp
沖縄 完全版2022 - 47 ページ - Google ブック検索結果,https://books.google.co.jp
【公式】ナゴパイナップルパーク,https://www.nagopine.com
,https://www.churatoku.net
,https://www.aeon-ryukyu.jp
,https://seeing-japan.com
,https://tokubai.co.jp
沖縄のパイナップル｜国産のほとんどが沖縄産！食べ頃や ...,https://www.orionbeer.co.jp
沖縄のパイナップル,http://www.okinawainfo.net
パインアップル | 果物 | JAおきなわの特産品,https://www.ja-okinawa.or.jp
【楽天市場】沖縄 パイナップルの通販,https://search.rakuten.co.jp
生産量日本一のフルーツ沖縄のパイナップル - ちゅらとく,https://www.churatoku.net
沖縄県産パインについて（銘品九州）,https://www.meihin-kyushu.com
沖縄産フルーツ - パイナップル王国,https://shop.nagopain.com
パイナップル王国,https://shop.nagopain.com
【沖縄北部】東村の特産品はパイナップル！時期や販売店,https://okinawahokubu.com
沖縄県のパイナップルの生産者 - 食べチョク,https://www.tabechoku.com
人気の沖縄産の美味しいパイナップルの通販おすすめランキング,https://food.biglobe.ne.jp
【沖縄県】パインの楽園？！「ナゴパイナップルパーク」で ...,https://jsbs2012.jp
沖縄県西表島パイナップル・パイン品種の説明 - 農園はこすけ,https://www.hakosuke.com
沖縄のパイナップルは、注目集める台湾産に勝てるか？,https://www.nippon.com
ナゴパイナップルパーク｜施設が大幅にリニューアル★2022 ...,https://oki-raku.net
沖縄県産パイナップル(パインアップル) 沖縄琉堂 (1kg以上(1 ...,https://www.amazon.co.jp
沖縄 パイナップル ピーチパイン 2.5kg ＜5月中旬より順次出荷 ...,https://www.oshimaya.jp
沖縄パイナップル - 沖縄の島野菜と果物,https://okinawa-cafe.net
沖縄でパイナップル天国発見！「ナゴパイナップルパーク」,https://gurutabi.gnavi.co.jp
【みちの駅】やんばるパイナップルの丘 安波,https://pineapple-hills.jp
名護パイナップルワイナリー,http://www.nagopineapplewinery.com
パイナップルの記事一覧 | 沖縄タイムス＋プラス,https://www.okinawatimes.co.jp
沖縄県産 フルーツ ゴールドバレル パイナップル - 沖縄たま青果,https://omishokai.ocnk.net
沖縄産 パイナップル,https://omishokai.ocnk.net
沖縄パイナップルの写真素材 - photoAC,https://www.photo-ac.com
パイナップル特集 | イオンの沖縄土産・特産品通販サイト ...,https://shop.aeon-ryukyu.com
旬の夏に沖縄の「パイナップル」を味わい尽くす！ | 特集記事,http://okinawatravelinfo.com
"沖縄県,パイナップルのお礼品・返礼品一覧 - さとふる",https://www.satofull.jp
ゴールドバレル パイン パイナップル 沖縄県東村産 特選 1玉 約 ...,https://www.aionline-japan.com
パインアップル | くゎっちーおきなわ！沖縄食材情報サイト,https://kuwachii-okinawa.com
パインアップルの歴史と研究開発の現状 - 東村,https://www.vill.higashi.okinawa.jp
ちぎって食べる！沖縄「スナックパイン」人気の食べ方4選,https://macaro-ni.jp
おいしい！ には訳がある。父子で取り組む沖縄産の ...,https://okinawaclip.com
パイナップル | ふるさと納税の返礼品一覧（17サイト横断 ...,https://furu-sato.com
国産パイナップルといえば、沖縄県 - たべごろnavi,https://www.tabegoronavi.com
『ピーチパイン』沖縄県産パイナップル 約500g×3玉 計約1.5kg ...,https://www.tsukijiichiba.com
ナゴパイナップルパーク - 沖縄観光チャンネル,https://www.odnsym.com
マスコット ゆきお沖縄 パイナップル,https://am-sanwa.co.jp
沖縄の豚肉専門店（パイナップルポーク公式通販） ...,https://www.kanemasameat.co.jp
沖縄産 パイナップル搾り12％720ml - ヘリオス酒造,https://www.helios-shop.jp
沖縄限定 パイナップルアメ - セイカ食品,https://www.seikafoods.jp
パインアップルのレシピ128件 - 沖縄料理レシピなら おきレシ,https://www.okireci.net
沖縄県産パイナップルの通販・販売店一覧 - たくさんとくさん,https://www.takusan.net
KUKKU Limited パイナップルパウダー（沖縄県産）30g 無 ...,https://www.inic-market.com
KUKKU Limited パイナップルパウダー（沖縄県産）30g 無 ...,https://www.inic-market.com
NIPPON PREMIUM 沖縄県産パイナップル - オエノングループ,https://www.oenon.jp
沖縄県産パイナップル グミ | 商品ラインナップ紹介 - JA全農,https://www.zennoh.or.jp
沖縄県産 ゴールドバレル 国産最高級パイナップル 1kg以上 1 ...,https://www.childrensspacelearningacademy.com
パイナップルができるまで | 【公式】石垣島SUNファーム,https://www.sun-farm.info
500ml 業務用 Ribbon沖縄パイナップルシロップ｜ドリンク,https://professionaluse.pokkasapporo-fb.jp
高校生から高齢者まで楽しく収入アップ。パイナップルで沖縄 ...,https://colorfuru.jp
今日のおやつ：沖縄県産のあまーい「スナックパイン」ちぎっ ...,https://colocal.jp
二度と行かない - ナゴパイナップルパークの口コミ,https://www.tripadvisor.jp
ナゴパイナップルパークが最大10%割引 - アソビュー！,https://www.asoview.com
沖縄県産パイナップル のお取り寄せは琉球本舗,http://www.ryukyu-h.com
独創的 パイナップルぱいん 95g×10個〔送料無料〕沖縄産 ...,https://beacondinernj.com
沖縄限定 ぷっちょ パイナップル味 - おきなわ屋産地直送 ...,https://okinawa-ya.shop-pro.jp
国産パインアップルを求め、沖縄へGO！ - カルチベ,https://karuchibe.jp
【ナゴパイナップルパーク】予約・アクセス・割引クーポン,https://www.jalan.net
手でちぎれる！沖縄の極甘パイナップル『スナックパイン ...,https://tsukijiichiba.shokubunka.co.jp
沖縄はるさージャムパイナップル 160g,https://ogimishikuwasa-park.com
沖縄県から国産パイナップルを産地直送！ - Oisix,https://www.oisix.com
パイナップルのおすすめ10選｜人気の台湾産や沖縄県・石垣島 ...,https://osusume.mynavi.jp
沖縄【パイナップルハウス】パイナップル食べ放題の穴場 ...,https://aumo.jp
ニッポンエール 沖縄県産パイナップルグミ（10袋）,https://www.zfc-shop.jp
沖縄ブランド豚肉【パイナップルポーク純】専門店,https://www.kanemasa-jun.com
ナゴパイナップルパークの入場料金・クーポン情報まとめ！,https://epark.jp
ナゴパイナップルパークでの遊び方｜沖縄ラボPassでもっと ...,https://okinawa-labo.com
沖縄産スナックパイン業務用約20.0kg 野菜 訳あり フルーツ ...,https://cta.org.mz
沖縄のお土産に最適！パイナップルぱいん ドライパイン 沖縄 ...,https://www.dentafill.uz
沖縄完熟パイナップルタルト | 直販 - モクモクショップ,https://mokushop.jp
KUKURU SWEETS FOREST｜沖縄産のパインアップルや紅芋 ...,http://kukuru.okinawa
夏場のパイナップルで作る缶詰やジュースをお披露目 名護,https://www3.nhk.or.jp
夏場のパイナップルで作る缶詰やジュースをお披露目 名護,https://www3.nhk.or.jp
沖縄パインアップルについて青果の道40年の男が詳しく語ります,https://www.seika.aussie-fan.co.jp
「芯まで食べられる」国産最高峰のパイナップルを実食 ...,https://www.veltra.com
沖縄・石垣島からお届けするパイナップル＆島野菜の通信販売 ...,https://ishigaki-henna.com
新品種パインアップル『サンドルチェ』沖縄県産 1玉 約1kg ...,https://www.umai-mon.com
パイナップル狩りツアー | 【公式】カヌチャリゾート,https://www.kanucha.jp
ナゴパイナップルパーク | 沖縄観光情報WEBサイト おきなわ ...,https://www.okinawastory.jp
沖縄スナックパイン販売 ボゴール種国産パイナップルを通販 ...,https://556.jp
ついに本家台湾を超えた！？絶品「パイナップルケーキ」！,https://okinawa-repeat.com
沖縄産 【販売終了】パイナップル(ゴールドバレル小玉サイズ ...,https://ec.edono1.com
白い果肉のパイナップル「ホワイトココ」が誕生 甘い香り ...,https://ryukyushimpo.jp
サンドルチェ 沖縄産パイナップル 沖縄産フルーツの新星,http://noisevalue.co.jp
沖縄シークワーサー＆パイナップル | ダノンビオ,https://www.danone.co.jp
ゴールドバレル パイン パイナップル 沖縄県東村産 A品 1玉 約 ...,https://gurusuguri.com
沖縄 パイナップル ぬいぐるみの中古/未使用品 - メルカリ,https://jp.mercari.com
よくあるご質問（国内旅行編）：植物防疫所 - 農林水産省,https://www.maff.go.jp
パイナップルの葉とバナナの茎から繊維の抽出を沖縄県内で開始,https://food-reborn.co.jp
パイナップル(沖縄県産) - J-DRY,https://j-dry.com
加工工場｜パイナップル商品の加工現場を見学 - たびらい,https://www.tabirai.net
【産地訪問レポート】パイナップル育成指導員 渡久山さん ...,https://www.kitaoka-honten.com
パイナップル（パインアップル）：主な品種や産地と旬の時期,https://foodslink.jp
沖縄県名護市のナゴパイナップルパークの南国フルーツ特集,https://www.furusato-tax.jp
ナゴパイナップルパーク（沖縄県／名護）｜営業時間・アクセス,https://rurubu.jp
今度は沖縄パイナップルで「ちむどんどん」 崎陽軒「横濱 ...,https://www.okinawa-kurozatou.or.jp
ナゴパイナップルパーク｜雨の日でもおいしく楽しめるパイン ...,https://okinawatravel.jp
名護パイナップルワイナリーの新たな挑戦で沖縄の ...,https://camp-fire.jp
石垣島しまかろいファーム / 沖縄石垣島農家直送パイナップル,https://shimakaroi.com
沖縄のフルーツといえばマンゴー＆パイナップル,https://yanbaru-tour.net
沖縄からパイナップル入荷｜道の駅 富楽里とみやま,https://www.mboso-etoko.jp
沖縄農園 パイナップルづくし（3倍希釈パイナップルドリンク ...,https://www.okinawa-takarajima.com
パイナップルちんすこう(17個入り) - 沖縄いちば,https://okinawa-ichiba.net
ふるさと納税のパイナップルの還元率&コスパ(量)ランキング ...,https://www.furusato-tax.club
なぜ沖縄産パイナップルが凄いのか - レタスクラブ,https://www.lettuceclub.net
しっとり食感にうっとり！沖縄の「パイナップルケーキ ...,https://hito-tema.net
今が旬の「沖縄パイナップル」を食べてみた！ 沖縄 ...,https://oishii-tabemono.com
ナゴパイナップルパークの天気 21日00:00発表,https://tenki.jp
沖縄 フルーツ 果物 野菜の直売所 - おんなの駅 なかゆくい市場,http://onnanoeki.com
東村道の駅 サンライズひがし,http://www.sunrise-higashi.jp
開業40周年！沖縄 「ナゴパイナップルパーク」の魅力を ...,https://feeljapan.net
沖縄から「捨てるもの」がない社会を実現！パイナップルの葉 ...,https://www.zenes.jp
パイナップルの見分け方とは？見た目が青くても美味しい理由！,https://gsokinawa.com
ナゴパイナップルパーク | リッカドッカ沖縄ナビ,https://www.okinawatraveler.net
道の駅「やんばるパイナップルの丘 安波」3月 30日オープン,https://travel.watch.impress.co.jp
パイナップル好き必見！沖縄で人気のナゴパイナップルパーク ...,https://seeing-japan.com
すべての試食を食べ尽くせ！ナゴパイナップルパーク,https://www.smartmagazine.jp
沖縄県産 2種の甘みたっぷり国産パイナップル『ピーチパイン ...,https://celeb-de-gifts.jp
沖縄県食べ比べたい品種いろいろパイナップル - 株式会社まつの,https://www.matuno.co.jp
沖縄旬青果 パインアップル - 琉堂,https://ryudogroup.com
パイナップルの話,http://www.zephyr.justhpbs.jp
沖縄県産 観賞用 ミニパイナップルの育て方！！ - Ameba,https://ameblo.jp
寶 沖縄産パイナップルのお酒「沖縄パイン」 新発売 - 宝酒造,https://www.takarashuzo.co.jp
パイナップル好き必見！沖縄で人気のナゴパイナップルパーク ...,https://seeing-japan.com
生まれ変わった「ナゴパイナップルパーク」の魅力をたっぷりご ...,https://iitoko-okinawa.jp
「沖縄やんばるパイン」国産100％のストレートジュース,https://shop.kagome.co.jp
沖縄県産パイナップルの品種や栄養・保管方法などをご紹介,https://www.traveler-map.com
沖縄スナックパイン｜石垣のピーチパイン｜まぼろしの果実． ...,https://www.maboroshi-fruits.com
宮古島のパイン農園（甘いパイナップルをお届け） | 沖縄 ...,https://www.ni-ni-pain.com
皆さんご存知？ 珍しいパイナップル その2 - 沖縄北部,https://www.north-okinawa.com
ナゴパイナップルパーク【割引クーポン・見頃時期】CM ...,https://fujita3.com
【送料無料】産地直送！沖縄産スナックパイン,https://okinawa-time.com
沖縄 完全版2019 - 137 ページ - Google ブック検索結果,https://books.google.co.jp
Pancake＆Food - Eggs 'n Things 【公式】,https://www.eggsnthingsjapan.com
【公式】おきなわワールド 沖縄の魅力のすべてが一堂に ...,https://www.gyokusendo.co.jp
今日のチラシ｜株式会社サンエー,https://www.san-a.co.jp
イタリアンバル シエナ一丁目 ドリンク - ホットペッパーグルメ,https://www.hotpepper.jp
メニュー紹介 - はま寿司,https://www.hama-sushi.co.jp
メニュー｜くら寿司 ホームページ,https://www.kurasushi.co.jp
横浜で沖縄の食と文化の祭典「鶴見ウチナー祭」開催！本場 ...,https://hamapita.com
アイスドリンク｜メニュー｜ドトールコーヒーショップ,https://www.doutor.co.jp
石垣島で台湾を歩く　もうひとつの沖縄ガイド - Google ブック検索結果,https://books.google.co.jp
ピザメニュー Menu - Domino's Pizza,https://www.dominos.jp
メニュー - ロッテリア,https://www.lotteria.jp
スシローのメニュー | 回転寿司 スシロー,https://www.akindo-sushiro.co.jp
ドリンク|商品情報|TULLY'S COFFEE - タリーズコーヒー,https://www.tullys.co.jp
琉球ゴールデンキングス,https://goldenkings.jp
買う一覧 | 【公式】那覇市国際通り商店街,https://naha-kokusaidori.okinawa
冷凍食品｜商品情報｜ファミリーマート,https://www.family.co.jp
蒂歴子 生 500g×2 栃本天海堂 テイレキシ ていれきし 中国産,https://preprod.trailadventuremag.fr
日本国内のアクティビティ・現地体験 ... - JJ Activity,https://jjactivity.com
petit main(プティマイン)公式通販サイト | NARUMIYA ONLINE,https://www.narumiya-online.jp
ジャンボパイナップルマットレス189×93×20?p(中古品),https://wowma.jp
カルディコーヒーファーム オンラインストア,https://www.kaldi.co.jp
沖縄の大学から初のドラフト指名 仲地礼亜、中日の1位に,https://mainichi.jp
OKINAWAGAY携帯トップ - 沖縄ゲイ情報裏掲示板,http://okinawagay.net
フラペチーノ®｜ビバレッジ - スターバックス コーヒー ジャパン,https://product.starbucks.co.jp
フラペチーノ®｜ビバレッジ - スターバックス コーヒー ジャパン,https://product.starbucks.co.jp
フレーバー FLAVOR - サーティワンアイスクリーム,https://www.31ice.co.jp
宮古島で生まれたクラフトジン【MIYAKO GIN】が沖縄の老舗 ...,https://gourmetpress.net
世界に誇れる沖縄を、もうひとつつくろう。「オリオン ザ ...,https://prtimes.jp
【知って楽しい雑学】みかんやパイナップルの缶詰は見かける ...,https://woman.excite.co.jp
ラ・オハナ | すかいらーくグループ,https://www.skylark.co.jp
鳥取の梨【新甘泉（しんかんせん）5kg（10～18玉）】【送料 ...,http://www.giftpark.co.jp
横濱パイナップルケーキ 黒糖 - 崎陽軒,https://kiyoken.com
シーフードレストラン メヒコ,http://www.mehico.com
チバリヨ-30 （パチスロ）天井・設定差・打ち方・解析 ...,https://p-town.dmm.com
クッキーガイド | 株式会社アントステラ,https://www.auntstella.co.jp
3141/1000 根差部児童公園（沖縄県豊見城市）,https://nippon1000parks.blogspot.com
スターバックス新作メニュー情報まとめ - フラペチーノや ...,https://www.fashion-press.net
商品情報 - ミニストップ,https://www.ministop.co.jp
旅する全国うまいもの会 | 催事情報一覧 - 京急百貨店・上大岡駅,https://www.keikyu-depart.com
「100％スムージー バナナベース」180g×30本 - Kuradashi,https://kuradashi.jp
高級素材使用ブランド キリン 氷結無糖 レモン 9% 350ml缶×1 ...,https://timesource.nl
ヒューマングルメンタリー オモウマい店ピックアップ番組,https://www.teny.co.jp
日本酒ランキング2022 - SAKETIME,https://www.saketime.jp
フレッシュプラザ 【ユニオン(UNION)】〜24時間あいてます！,https://union-okinawa.com
宇咲ちゃん アイドル見習い沖縄武者修行中。 - ドッグ速報,https://dog-sokuhou.com
愛寿オリジナル 手作りパイナップルケーキ・蛋黄酥｜KKday ...,https://m.kkday.com
JTB 旅の過ごし方,https://tabisugo.jtb.co.jp
鈴木ハーブ研究所 パイナップル豆乳ローションプレミアム ...,https://portofutebolclube.com.br
店舗検索｜株式会社コスモス薬品,https://www.cosmospc.co.jp
晋遊舎ムック　ずぼらダイエット the Best 2022,https://books.google.co.jp
レストラン コーラルブルー /インギャーコーラルヴィレッジ,https://www.tablecheck.com
ココミル 沖縄（2023年版） - 31 ページ - Google ブック検索結果,https://books.google.co.jp
るるぶ　地図でよくわかる　47都道府県の歴史大百科,https://books.google.co.jp
ボルネオ・サラワク王国の沖縄移民 - Google ブック検索結果,https://books.google.co.jp
【公式】ナゴパイナップルパーク,https://www.nagopine.com
,https://www.churatoku.net
,https://www.aeon-ryukyu.jp
,https://seeing-japan.com
,https://tokubai.co.jp
沖縄のパイナップル｜国産のほとんどが沖縄産！食べ頃や ...,https://www.orionbeer.co.jp
沖縄のパイナップル,http://www.okinawainfo.net
パインアップル | 果物 | JAおきなわの特産品,https://www.ja-okinawa.or.jp
【楽天市場】沖縄 パイナップルの通販,https://search.rakuten.co.jp
生産量日本一のフルーツ沖縄のパイナップル - ちゅらとく,https://www.churatoku.net
沖縄県産パインについて（銘品九州）,https://www.meihin-kyushu.com
沖縄産フルーツ - パイナップル王国,https://shop.nagopain.com
【沖縄北部】東村の特産品はパイナップル！時期や販売店,https://okinawahokubu.com
沖縄県のパイナップルの生産者 - 食べチョク,https://www.tabechoku.com
人気の沖縄産の美味しいパイナップルの通販おすすめランキング,https://food.biglobe.ne.jp
【沖縄県】パインの楽園？！「ナゴパイナップルパーク」で ...,https://jsbs2012.jp
沖縄のパイナップルは、注目集める台湾産に勝てるか？,https://www.nippon.com
ナゴパイナップルパーク｜施設が大幅にリニューアル★2022 ...,https://oki-raku.net
沖縄県西表島パイナップル・パイン品種の説明 - 農園はこすけ,https://www.hakosuke.com
沖縄県産パイナップル(パインアップル) 沖縄琉堂 (1kg以上(1 ...,https://www.amazon.co.jp
施設案内 - パイナップル王国,https://shop.nagopain.com
沖縄 パイナップル ピーチパイン 2.5kg ＜5月中旬より順次出荷 ...,https://www.oshimaya.jp
沖縄パイナップル - 沖縄の島野菜と果物,https://okinawa-cafe.net
沖縄でパイナップル天国発見！「ナゴパイナップルパーク」,https://gurutabi.gnavi.co.jp
【みちの駅】やんばるパイナップルの丘 安波,https://pineapple-hills.jp
名護パイナップルワイナリー,http://www.nagopineapplewinery.com
沖縄県産パイナップル グミ | 商品ラインナップ紹介 - ＪＡ全農,https://www.zennoh.or.jp
パイナップルの記事一覧 | 沖縄タイムス＋プラス,https://www.okinawatimes.co.jp
沖縄県産 フルーツ ゴールドバレル パイナップル - 沖縄たま青果,https://omishokai.ocnk.net
"沖縄県,パイナップルのお礼品・返礼品一覧 - さとふる",https://www.satofull.jp
パイナップル特集 | イオンの沖縄土産・特産品通販サイト ...,https://shop.aeon-ryukyu.com
ゴールドバレル パイン パイナップル 沖縄県東村産 特選 1玉 ...,https://www.aionline-japan.com
旬の夏に沖縄の「パイナップル」を味わい尽くす！ | 特集記事,http://okinawatravelinfo.com
パインアップルの歴史と研究開発の現状 - 東村,https://www.vill.higashi.okinawa.jp
パイナップル | ふるさと納税の返礼品一覧（17サイト横断 ...,https://furu-sato.com
おいしい！ には訳がある。父子で取り組む沖縄産の ...,https://okinawaclip.com
パインアップル | くゎっちーおきなわ！沖縄食材情報サイト,https://kuwachii-okinawa.com
ちぎって食べる！沖縄「スナックパイン」人気の食べ方4選,https://macaro-ni.jp
国産パイナップルといえば、沖縄県 - たべごろnavi,https://www.tabegoronavi.com
ピュレグミプレミアム沖縄産パイナップル - Kanro POCKeT,https://kanro.jp
ピュレグミプレミアム沖縄産パイナップル - Kanro POCKeT,https://kanro.jp
『ピーチパイン』沖縄県産パイナップル 約500g×3玉 計約1.5 ...,https://www.tsukijiichiba.com
沖縄県産パイナップルの通販・販売店一覧 - たくさんとくさん,https://www.takusan.net
マスコット ゆきお沖縄 パイナップル,https://am-sanwa.co.jp
ナゴパイナップルパーク - 沖縄観光チャンネル,https://www.odnsym.com
沖縄県産 パインアップル｜K&K にっぽんの果実,https://www.kokubu.co.jp
沖縄の豚肉専門店（パイナップルポーク公式通販） ...,https://www.kanemasameat.co.jp
沖縄産 パイナップル搾り12％720ml - ヘリオス酒造,https://www.helios-shop.jp
パインアップルのレシピ128件 - 沖縄料理レシピなら おきレシ,https://www.okireci.net
沖縄限定 パイナップルアメ - セイカ食品,https://www.seikafoods.jp
生ミルキー（沖縄県産パイナップル） - ケーキ・洋菓子 - 不二家,https://www.fujiya-peko.co.jp
二度と行かない - ナゴパイナップルパークの口コミ,https://www.tripadvisor.jp
パイナップルができるまで | 【公式】石垣島SUNファーム,https://www.sun-farm.info
NIPPON PREMIUM 沖縄県産パイナップル - オエノングループ,https://www.oenon.jp
500ml 業務用 Ribbon沖縄パイナップルシロップ｜ドリンク,https://professionaluse.pokkasapporo-fb.jp
今日のおやつ：沖縄県産のあまーい「スナックパイン」ちぎっ ...,https://colocal.jp
【ナゴパイナップルパーク】予約・アクセス・割引クーポン,https://www.jalan.net
ナゴパイナップルパークが最大10%割引 - アソビュー！,https://www.asoview.com
高校生から高齢者まで楽しく収入アップ。パイナップルで沖縄 ...,https://colorfuru.jp
沖縄県産パイナップル のお取り寄せは琉球本舗,http://www.ryukyu-h.com
沖縄【パイナップルハウス】パイナップル食べ放題の穴場 ...,https://aumo.jp
国産パインアップルを求め、沖縄へGO！ - カルチベ,https://karuchibe.jp
沖縄はるさージャムパイナップル 160g,https://ogimishikuwasa-park.com
沖縄限定 ぷっちょ パイナップル味 - おきなわ屋産地直送 ...,https://okinawa-ya.shop-pro.jp
手でちぎれる！沖縄の極甘パイナップル『スナックパイン ...,https://tsukijiichiba.shokubunka.co.jp
沖縄産スナックパイン業務用約20.0kg 野菜 訳あり フルーツ ...,https://cta.org.mz
【座間直納】【おためし用】ちびっこパイナップル(沖縄県産),https://www.oisix.com
沖縄完熟パイナップルタルト | 直販 - モクモクショップ,https://mokushop.jp
ナゴパイナップルパークでの遊び方｜沖縄ラボPassでもっと ...,https://okinawa-labo.com
ナゴパイナップルパーク | リッカドッカ沖縄ナビ,https://www.okinawatraveler.net
ナゴパイナップルパークの入場料金・クーポン情報まとめ！,https://epark.jp
沖縄ブランド豚肉【パイナップルポーク純】専門店,https://www.kanemasa-jun.com
パイナップルからジーンズ 沖縄発の循環ビジネス,https://www.fnn.jp
パイナップルのおすすめ10選｜人気の台湾産や沖縄県・石垣島 ...,https://osusume.mynavi.jp
パイナップル | 沖縄本島の観光・オプショナルツアー専門予約 ...,https://www.veltra.com
新品種パインアップル『サンドルチェ』沖縄県産 1玉 約1kg ...,https://www.umai-mon.com
沖縄限定 ハイチュウ パイナップル 12粒×5本,https://www.washita.co.jp
KUKURU SWEETS FOREST｜沖縄産のパインアップルや紅芋 ...,http://kukuru.okinawa
沖縄・石垣島からお届けするパイナップル＆島野菜の通信販売 ...,https://ishigaki-henna.com
サンドルチェ 沖縄産パイナップル 沖縄産フルーツの新星,http://noisevalue.co.jp
沖縄 パイナップル ぬいぐるみの中古/未使用品 - メルカリ,https://jp.mercari.com
沖縄スナックパイン販売 ボゴール種国産パイナップルを通販 ...,https://556.jp
白い果肉のパイナップル「ホワイトココ」が誕生 甘い香り ...,https://ryukyushimpo.jp
ナゴパイナップルパーク（沖縄県／名護）｜営業時間・アクセス,https://rurubu.jp
沖縄県産タダオゴールド 1.1kg以上 1玉 パイン パイナップル ...,https://www.dentafill.uz
ついに本家台湾を超えた！？絶品「パイナップルケーキ」！,https://okinawa-repeat.com
パイナップルの葉とバナナの茎から繊維の抽出を沖縄県内で開始,https://food-reborn.co.jp
沖縄パインアップルについて青果の道40年の男が詳しく語ります,https://www.seika.aussie-fan.co.jp
名護パイナップルワイナリーの新たな挑戦で沖縄の ...,https://camp-fire.jp
パイナップル(沖縄県産) - J-DRY,https://j-dry.com
今度は沖縄パイナップルで「ちむどんどん」 崎陽軒「横濱 ...,https://www.okinawa-kurozatou.or.jp
沖縄パインアップルについて青果の道40年の男が詳しく語ります,https://www.seika.aussie-fan.co.jp
ゴールドバレル パイン パイナップル 沖縄県東村産 A品 1玉 約 ...,https://gurusuguri.com
ナゴパイナップルパーク | 沖縄観光情報WEBサイト おきなわ ...,https://www.okinawastory.jp
【産地訪問レポート】パイナップル育成指導員 渡久山さん ...,https://www.kitaoka-honten.com
沖縄シークワーサー＆パイナップル | ダノンビオ,https://www.danone.co.jp
石垣島しまかろいファーム / 沖縄石垣島農家直送パイナップル,https://shimakaroi.com
パイナップル（パインアップル）：主な品種や産地と旬の時期,https://foodslink.jp
ナゴパイナップルパーク | 沖縄観光情報WEBサイト おきなわ物語,https://www.okinawastory.jp
『パイナップル・ツアーズ』公式ホームページ,http://pineapple-tours.com
ナゴパイナップルパークの天気 21日00:00発表,https://tenki.jp
開業40周年！沖縄 「ナゴパイナップルパーク」の魅力を ...,https://feeljapan.net
パイナップルちんすこう(17個入り) - 沖縄いちば,https://okinawa-ichiba.net
ゴールドバレルの魅力 | 株式会社沖縄美ら島ファーム,https://churashimafarm.jp
沖縄のパイナップルチャーハンに関するお店 - 食べログ,https://tabelog.com
パイナップルケーキ プレミアム 8個入り 名護パイン園,https://www.okinawajoho.jp
東村道の駅 サンライズひがし,http://www.sunrise-higashi.jp
パイナップル ｜ 小川香料株式会社,https://www.ogawa.net
パイナップル葉繊維ストローを発売｜株式会社フードリボンの ...,https://prtimes.jp
【沖縄新城農園産パイナップルのみ使用】初夏にぴったり！,https://www.suntory.co.jp
明治パイナップルレモネード | 飲料 | 沖縄明治乳業株式会社,https://www.okinawa-meiji.co.jp
【閉店】沖縄でパイナップルの食べ放題なら ... - タビハテ,https://www.tabihate.com
冷凍 パイナップル オンラインショップにて販売中! | 沖縄県 ...,https://onnanoeki.com
沖縄から「捨てるもの」がない社会を実現！パイナップルの葉 ...,https://www.zenes.jp
パイナップルの見分け方とは？見た目が青くても美味しい理由！,https://gsokinawa.com
ナゴパイナップルパークで食いだおれ - たびらい,https://www.tabirai.net
すべての試食を食べ尽くせ！ナゴパイナップルパーク,https://www.smartmagazine.jp
沖縄のフルーツといえばマンゴー＆パイナップル,https://yanbaru-tour.net
沖縄県産 2種の甘みたっぷり国産パイナップル『ピーチパイン』 ...,https://celeb-de-gifts.jp
沖縄県産 観賞用 ミニパイナップルの育て方！！ - Ameba,https://ameblo.jp
沖縄県食べ比べたい品種いろいろパイナップル - 株式会社まつの,https://www.matuno.co.jp
パイナップルの話,http://www.zephyr.justhpbs.jp
寶 沖縄産パイナップルのお酒「沖縄パイン」 新発売 - 宝酒造,https://www.takarashuzo.co.jp
生まれ変わった「ナゴパイナップルパーク」の魅力をたっぷりご ...,https://iitoko-okinawa.jp
沖縄旬青果 パインアップル - 琉堂,https://ryudogroup.com
パイナップル好き必見！沖縄で人気のナゴパイナップルパーク ...,https://seeing-japan.com
「沖縄やんばるパイン」国産100％のストレートジュース,https://shop.kagome.co.jp
道の駅「やんばるパイナップルの丘 安波」3月 30日オープン,https://travel.watch.impress.co.jp
沖縄スナックパイン｜石垣のピーチパイン｜まぼろしの果実 ...,https://www.maboroshi-fruits.com
沖縄県産パイナップルの品種や栄養・保管方法などをご紹介,https://www.traveler-map.com
ナゴパイナップルパーク｜雨の日でもおいしく楽しめるパイン ...,https://okinawatravel.jp
なぜ沖縄産パイナップルが凄いのか - レタスクラブ,https://www.lettuceclub.net
しっとり食感にうっとり！沖縄の「パイナップルケーキ ...,https://hito-tema.net
沖縄だし種からパイナップルを育ててみる [その1] - DEEokinawa,https://www.dee-okinawa.com
今が旬の「沖縄パイナップル」を食べてみた！ 沖縄 ...,https://oishii-tabemono.com
宮古島のパイン農園（甘いパイナップルをお届け） | 沖縄 ...,https://www.ni-ni-pain.com
皆さんご存知？ 珍しいパイナップル その2 - 沖縄北部,https://www.north-okinawa.com
ナゴパイナップルパーク【割引クーポン・見頃時期】CM ...,https://fujita3.com
【送料無料】産地直送！沖縄産スナックパイン,https://okinawa-time.com
Pancake＆Food - Eggs 'n Things 【公式】,https://www.eggsnthingsjapan.com
【公式】おきなわワールド 沖縄の魅力のすべてが一堂に ...,https://www.gyokusendo.co.jp
今日のチラシ｜株式会社サンエー,https://www.san-a.co.jp
イタリアンバル シエナ一丁目 ドリンク - ホットペッパーグルメ,https://www.hotpepper.jp
るるぶ沖縄ベスト'22 - 69 ページ - Google ブック検索結果,https://books.google.co.jp
メニュー紹介 - はま寿司,https://www.hama-sushi.co.jp
メニュー｜くら寿司 ホームページ,https://www.kurasushi.co.jp
【こころ旅 クラシック】ウォークラリー秋・第4回 - NHK,https://www.nhk.or.jp
横浜で沖縄の食と文化の祭典「鶴見ウチナー祭」開催！本場 ...,https://hamapita.com
アイスドリンク｜メニュー｜ドトールコーヒーショップ,https://www.doutor.co.jp
ピザメニュー Menu - Domino's Pizza,https://www.dominos.jp
メニュー - ロッテリア,https://www.lotteria.jp
スシローのメニュー | 回転寿司 スシロー,https://www.akindo-sushiro.co.jp
ドリンク|商品情報|TULLY'S COFFEE - タリーズコーヒー,https://www.tullys.co.jp
琉球ゴールデンキングス,https://goldenkings.jp
るるぶ沖縄ドライブ’16 - 103 ページ - Google ブック検索結果,https://books.google.co.jp
買う一覧 | 【公式】那覇市国際通り商店街,https://naha-kokusaidori.okinawa
MENU | Gong cha Japan | 台湾茶 | アジアン ティー カフェ,https://www.gongcha.co.jp
冷凍食品｜商品情報｜ファミリーマート,https://www.family.co.jp
蒂歴子 生 500g×2 栃本天海堂 テイレキシ ていれきし 中国産,https://preprod.trailadventuremag.fr
日本国内のアクティビティ・現地体験 ... - JJ Activity,https://jjactivity.com
petit main(プティマイン)公式通販サイト | NARUMIYA ONLINE,https://www.narumiya-online.jp
ジャンボパイナップルマットレス189×93×20?p(中古品),https://wowma.jp
カルディコーヒーファーム オンラインストア,https://www.kaldi.co.jp
OKINAWAGAY携帯トップ - 沖縄ゲイ情報裏掲示板,http://okinawagay.net
沖縄の大学から初のドラフト指名 仲地礼亜、中日の1位に,https://mainichi.jp
フラペチーノ®｜ビバレッジ - スターバックス コーヒー ジャパン,https://product.starbucks.co.jp
フレーバー FLAVOR - サーティワンアイスクリーム,https://www.31ice.co.jp
宮古島で生まれたクラフトジン【MIYAKO GIN】が沖縄の老舗 ...,https://gourmetpress.net
【知って楽しい雑学】みかんやパイナップルの缶詰は見かける ...,https://woman.excite.co.jp
ラ・オハナ | すかいらーくグループ,https://www.skylark.co.jp
鳥取の梨【新甘泉（しんかんせん）5kg（10～18玉）】【送料 ...,http://www.giftpark.co.jp
チバリヨ-30 （パチスロ）天井・設定差・打ち方・解析 ...,https://p-town.dmm.com
クッキーガイド | 株式会社アントステラ,https://www.auntstella.co.jp
3141/1000 根差部児童公園（沖縄県豊見城市）,https://nippon1000parks.blogspot.com
スターバックス新作メニュー情報まとめ - フラペチーノや ...,https://www.fashion-press.net
商品情報 - ミニストップ,https://www.ministop.co.jp
旅する全国うまいもの会 | 催事情報一覧 - 京急百貨店・上大岡駅,https://www.keikyu-depart.com
「100％スムージー バナナベース」180g×30本 - Kuradashi,https://kuradashi.jp
高級素材使用ブランド キリン 氷結無糖 レモン 9% 350ml缶×1 ...,https://timesource.nl
ヒューマングルメンタリー オモウマい店ピックアップ番組,https://www.teny.co.jp
日本酒ランキング2022 - SAKETIME,https://www.saketime.jp
日本酒ランキング2022 - SAKETIME,https://www.saketime.jp
フレッシュプラザ 【ユニオン(UNION)】〜24時間あいてます！,https://union-okinawa.com
宇咲ちゃん アイドル見習い沖縄武者修行中。 - ドッグ速報,https://dog-sokuhou.com
愛寿オリジナル 手作りパイナップルケーキ・蛋黄酥｜KKday ...,https://m.kkday.com
JTB 旅の過ごし方,https://tabisugo.jtb.co.jp
鈴木ハーブ研究所 パイナップル豆乳ローションプレミアム ...,https://portofutebolclube.com.br
店舗検索｜株式会社コスモス薬品,https://www.cosmospc.co.jp
まっぷる 沖縄ベストスポット - 42 ページ - Google ブック検索結果,https://books.google.co.jp
るるぶ沖縄ベスト'22 - 72 ページ - Google ブック検索結果,https://books.google.co.jp
まっぷる 美ら旅沖縄 - 85 ページ - Google ブック検索結果,https://books.google.co.jp
沖縄県の生産者一覧 - 食べチョク,https://www.tabechoku.com
なぜ農家に？沖縄に移住しデザイナーから転身。吉見 真一 ...,https://agriculture.rakuten.co.jp
沖縄の農業（のうぎょう）,https://www.pref.okinawa.jp
【新規就農】沖縄県で農業を始める｜亜熱帯気候で採れた ...,https://agripick.com
,https://agripick.com
,https://www.pref.okinawa.jp
,http://www.ogb.go.jp
,https://www.agri-navi.com
農業の仕事・求人 - 沖縄県 - 求人ボックス,https://xn--pckua2a7gp15o89zb.com
沖縄県の農家レストラン | 日本全国の農山漁村の旬の魅力を ...,https://satomono.jp
沖縄県の生産者一覧｜ポケットマルシェ｜産直(産地直送)通販,https://poke-m.com
自社農家/契約農家/提携業者さん～沖縄の青果物卸専門店,https://omishokai.ocnk.net
沖縄のマンゴー農家が語る新規就農について,https://iju-mango-okinawa.com
沖縄の農園からマンゴーを直送｜伊集農園（いじゅのうえん）,https://iju-mango-okinawa.com
沖縄の農家もびっくり、北緯36度に鈴なりパパイア 秘訣は土 ...,https://www.asahi.com
沖縄の農業をもっと発展させたい【沖縄県初】養液栽培で ...,https://camp-fire.jp
沖縄県,http://www.machimura.maff.go.jp
沖縄県（おきなわけん）では、どんな野菜（やさい）が多く ...,https://www.maff.go.jp
沖縄県の農業(農家)・林業・漁業のバイト・アルバイト ...,https://www.baitoru.com
沖縄県 単身寮の求人 - 農業・酪農・牧場求人情報ならあぐりナビ,https://www.agri-navi.com
沖縄産白いとうもろこし | 株式会社松島農園 | 日本,https://www.matsushimanouen.jp
株式会社沖縄農園｜贈る人が誇れるお菓子創り,https://www.okinawafarm.co.jp
大工から農家に転身。 沖縄ならではの作物「田芋（ターム ...,https://www.mainichigrillbu.com
【10月版】農家の求人・仕事・採用-沖縄県 - スタンバイ,https://jp.stanby.com
沖縄農業ツアー - 農協観光,https://ntour.jp
なんとなく移住した沖縄でウコン栽培。今では契約農家に,https://colorfuru.jp
【ちゅらマルシェ】「県産野菜」を丹精込めて育てる沖縄県内 ...,https://www.churatoku.net
ニュースレター 沖縄からハーブを全国へ 三位一体の挑戦,https://www.nochubank.or.jp
現代沖縄の米農家事情,http://hougen.sakura.ne.jp
沖縄で育つ、野菜も、農家も - 生活クラブ生協,https://seikatsuclub.coop
沖縄マンゴー農園の案内 - 沖縄いただきます,https://okinawa-itadakimasu.com
沖縄県産 農家直送 新鮮なゴーヤ 2ｋｇ5～8本 ...,https://www.dentafill.uz
沖縄畜産農家が悲鳴「飼料高騰対策と価格上乗せを」 経営 ...,https://hubokinawa.jp
気候をいかした沖縄の農産物 | NHK for School,https://www2.nhk.or.jp
石垣島 オクラ農家は予定を早めて収穫急ぐ - NHK,https://www3.nhk.or.jp
沖縄・糸満｜杉田農園おきなわ｜農薬不使用 ... - ツクツク!!,https://home.tsuku2.jp
農家の記事一覧 | 沖縄タイムス＋プラス,https://www.okinawatimes.co.jp
がんばる農家のみなさんを応援します！ | JAローン,https://www.ja-okinawa.or.jp
うるマルシェの生産者さん17. ナス農家 金城義明さん（沖縄・ ...,https://urumarche.com
こだわりの産地 沖縄直接買い付け - REN,https://www.ren1919-shop.com
今帰仁村/沖縄料理 - 【リニューアル】農家の食卓 - 食べログ,https://tabelog.com
沖縄情熱農園,https://okinawa-passionfruits.com
照屋（てるや）農園 - 農家のおしごとナビ,https://www.agreen.jp
沖縄の農業を一緒に勉強しながら、栽培管理ができます！,https://furusato-work.jp
株式会社みやぎ農園,https://www.miyaginouen.com
女子2人が石垣島でパイン農場を経営！ 関東で本職を持ちつつ ...,https://agri.mynavi.jp
ゆたか農園 - 沖縄県八重山郡｜【ゴヒイキ】農家直送！野菜 ...,https://gohiiki.com
沖縄県 | 全国の農山漁村の体験・宿泊がさがせる,https://nohaku.net
識名農園 ｜トマト・ミニトマト・インゲン・玉葱・ピーマン ...,https://www.shikinanouen.com
沖縄 パイナップル 島パイン 2.5kg 約2玉～6玉入り 送料無料 ...,https://www.oshimaya.jp
沖縄県 - 大浜農園 - マーマーな農家サイト,https://www.murmur-farm.com
沖縄のマンゴー通販｜幻のマンゴーを農家が販売、直送 ...,https://naha-mango.com
ハッピーモア市場丨カラダにハッピー、ココロも元気に。沖縄 ...,https://happymore.jp
統計データから見た沖縄の農林水産業,https://www.ogb.go.jp
沖縄の生産農家の為のビニールハウスの専門家 株式会社三和 ...,https://sanwaaguri.com
沖縄の農業体験ランキングTOP10 - じゃらんnet,https://www.jalan.net
農業をはじめるには - 沖縄県農業会議,https://opca.or.jp
株式会社 沖縄村上農園 - 沖縄物産企業連合,https://www.feenu.co.jp
ハーブの里 みどり農園,https://www.midori-nouen.jp
沖縄マンゴー農園直販・通販ショップ【マンゴラン】,https://mangoran.jp
農家民泊 ティンナ tinna - 沖縄北部 - Stay Japan,https://stayjapan.com
楽園の果実,https://rakuen-kajitsu.jp
豆苗の製造・販売｜沖縄村上農園,http://www.oki-murakamifarm.com
山パ農園・沖縄,https://www.yamapa.okinawa
沖縄県東村 又吉コーヒー園｜公式サイト,https://www.matayoshicoffee.jp
第37回 沖縄県さとうきび競作会(平成24／25年期),http://oki-toshinkyo.or.jp
Free Our Soul,http://freeoursoul.net
沖縄 総合造園建設業 株式会社桃原農園,https://www.toubaru-nouen.co.jp
沖縄市民ふれあい農園,https://www.city.okinawa.okinawa.jp
渡具知農園｜パパイヤ｜シークヮーサー｜きくいも｜くーがいも,https://www.ttnouki.jp
野菜生活100｜シークヮーサー農家 小橋川さんのメッセージ,https://www.kagome.co.jp
沖縄で農家をやるのは大変？沖縄の農業事情をご紹介！,https://re-okinawa.jp
沖縄県におけるマンゴー農家の経営意識に関する研究,http://agriknowledge.affrc.go.jp
NOSAI沖縄 沖縄県農業共済組合,https://nosai-okinawa.jp
沖縄から世界に挑む養鶏家のストーリー「みやぎ農園」代表 ...,https://www.jobantenna.jp
長野の農家と沖縄の農家がコラボ！幻の島？新商品「七久里島 ...,https://www.atpress.ne.jp
沖縄のパイナップル農家を救う！クラウドファンディング実施開始,http://www.nagopineapplewinery.com
無農薬モリンガを栽培する沖縄のベンチャー農家 ... - PR TIMES,https://prtimes.jp
こだわり農家・こだわり食材沖縄 @ Amazon.co.jp:,https://www.amazon.co.jp
沖縄の農業 ―その変化と現状―,https://www.nochuri.co.jp
沖縄で旅をしながらマンゴー農家をお手伝い「おてつたび」,https://www.otv.co.jp
新里いきいき農園｜沖縄県南城市佐敷新里｜レンタル農場,https://ikiiki-noen.com
葉タバコ農家が減少、産地の九州・沖縄…耕作放棄地防ぐ対策 ...,https://www.yomiuri.co.jp
「島麦かなさん」｜クラフツマンも納得！沖縄の麦の底力,https://www.orionbeer.co.jp
9/30沖縄県内の無農薬有機農家と人気飲食店がドド～んと ...,https://okinawa-repeat.com
イチゴ人気に生産追いつかず 沖縄･宜野座村､増産へ工夫,https://www.itmedia.co.jp
農家さん大募集 - 沖縄菜園ビュッフェ カラカラ,https://karakara-okinawa.com
パイナップル農園の視察 - OKINAWA CACAO,https://okinawacacao.com
今年は当たり年！ ジューシーな沖縄産呉我山タンカンの魅力,https://www.aeon-ryukyu.jp
沖縄農業の未来を変える！世界初の極上パッションフルーツを ...,https://readyfor.jp
農業関係統計（令和3年3月版） - 沖縄県,https://www.pref.okinawa.lg.jp
西表島『農家民宿マナ』でゆったりと過ごす島時間。 - 沖縄CLIP,https://okinawaclip.com
石垣島しまかろいファーム / 沖縄石垣島農家直送パイナップル,https://shimakaroi.com
会社紹介 | 株式会社沖縄美ら島ファーム,https://churashimafarm.jp
自社工場・農園について - 沖縄ベルク,https://www.okinawa-berg.co.jp
沖縄県きのこ生産振興会について,https://okinawa-kinoko.com
【農家直送】沖縄ゴールデンマンゴーファームこだわりの ...,https://www.furusato-tax.jp
沖縄のハーブ農家 岸本ファーム | 料理人 上江田崇の伝えるBlog,https://takashiueta.com
松原ファーム - モテビト農家育成プロジェクト,https://www.motebito.com
11泊12日で約2万円の“沖縄農業ツアー” | あぐりずむ 未来へ ...,https://www.tfm.co.jp
水口水田ークレソン農家ー: My front page,https://mizuguchi-okinawa.com
ホーム | 農家民宿津嘉山荘 - Wix.com,https://tsukayamaso.wixsite.com
生産 ... - カット野菜製造 農業法人 有限会社 グリーンフィールド,https://www.114.co.jp
沖縄県南城市の野菜農家 - 農園案内 - べじすたんど,https://www.vege-stand.com
沖縄県 - 種苗店検索 - 大和農園,https://www.yamatonoen.co.jp
沖縄ムクナ豆農園,https://www.mucuna-okinawa.co.jp
沖縄県うるま市の農家が営む黄金芋の加工販売店｜黄金茶屋,http://www.ougonchaya.com
パインを育てる 「農園はこすけ」 沖縄 西表島,https://www.hakosuke.com
スマートフォン用トップページ | 沖縄県花卉園芸農業協同組合 ...,http://www.taiyo-hana2.jp
ぐしちゃん銀バナナ農園,https://ginbanana.com
シークヮーサーについて - 島田農園:沖縄県石垣島果樹専業農家,http://simada-farm.com
アイモコの音楽農園 | ROK ラジオ沖縄 公式ホームページ,https://www.rokinawa.co.jp
沖縄の農業支援ツアーが定員超す人気 国の助成で11泊で費用 ...,https://www.jacom.or.jp
沖縄県産の生鮮品を全国にお届け - 沖縄ヤマト運輸,https://www.okinawayamato.co.jp
マンゴー農園直販で沖縄石垣島から全国へ｜かわみつ農園,https://www.kawamitsu.ne.jp
沖縄県宮古島における農家就業構造と農業構造の動態 - J-Stage,https://www.jstage.jst.go.jp
【インタビュー】未経験から沖縄でスイカ農園を経営する農業 ...,https://agri-match.com
沖縄の農業と農産物｜熱帯気候で活躍する農業資材を紹介！,https://ecologia.100nen-kankyo.jp
さとうきび農家【沖縄仕事図鑑】 - ジェイウォーム,https://www.jwarm.net
アクアポニックス農法で育てられた美味しい野菜 - おきなわ物語,https://www.okinawastory.jp
沖縄の離島」×「本気の農業」オンライン伊江島移住体験 ...,https://smout.jp
小さな農家の応援隊 | 沖縄県宜野湾市の旅行レポート - ふるぽ,https://furu-po.com
沖縄移住。デザイナーからパイナップル農家へ転身した先輩 ...,https://www.homes.co.jp
沖縄の在来種「地大豆」うるまで復活へ 4農家が生産 ...,https://ryukyushimpo.jp
沖縄の菊農家が作った超絶お洒落なイルミネーションスポット ...,https://dailyportalz.jp
これが新しい農業スタイル？SNSを使ってファンを増やしていく ...,https://www.okinawa-familymart.jp
沖縄のマンゴーって実際どうやって育てるの!?開花から収穫 ...,https://okinawa-mag.net
脱サラして沖縄の離島で農業を始めたアラサー女子のリアル,https://alive-life.jp
農業生産法人株式会社マルシェ沖縄 | 沖縄県商工会連合会,https://www.oki-shokoren.or.jp
沖縄の専門学校・大学を選ぶ・資料請求するなら｜ミライチズ,https://www.miraichizu.com
就農経験ゼロから沖縄で就農するまで 営農講座へ初参加,https://okinawashiawase.com
肥料高騰サトウキビ農家を直撃 地域経済支える産業の危機,https://www.fnn.jp
JA共済,https://www.ja-kyosai.or.jp
沖縄の農業が儲かる超具体的なハナシ｜インターネット活用で ...,https://satoshi-nkzt.com
自然の力で完熟したから甘い 優品 沖縄産 濃厚マンゴー約1kg ...,https://www.casabianca.ba
農研機構 | 国立研究開発法人農業・食品産業技術総合研究機構,https://www.naro.go.jp
今週の野菜とフルーツ（10/20更新） - Oisix,https://www.oisix.com
東京・板橋の農家レストラン「PLANT」で、ひとり優雅に ...,https://rurubu.jp
主なWi-Fiスポット - au Wi-Fiアクセス,https://au.wi2.ne.jp
9月、十勝の農家はじゃがいもの収穫とこれからの小麦で ...,https://sodane.hokkaido.jp
で 売れる 苗3本！沖縄アップルバナナ専門農家直送！EM栽培 ...,https://abiogas.org.br
ニンニクの栽培方法・育て方のコツ - やまむファーム,https://ymmfarm.com
米軍基地周辺の有害物質、高濃度 沖縄 - 下野新聞社,https://www.shimotsuke.co.jp
TOKIO『沖縄コーヒープロジェクト』アンバサダーに就任 ...,https://thetv.jp
【受講生発案で初開催】イタリアや北海道～沖縄、茨城県内外 ...,https://sapporo.keizai.biz
2022年10月21日号主な記事 – 全国農業新聞,https://www.nca.or.jp
「農家を巡る構造を変えるべきだ」野村哲郎農相 - 日本経済新聞,https://www.nikkei.com
シエスタ地下の「農家の息子」で美味しいお弁当＆デリを買い ...,https://oishi-hakodate.com
ふるさと納税の返礼品をまるごと検索 - ECナビ,https://ecnavi.jp
無人草刈り機 農園〝力走〟 熊本県錦町で貸与 時間短縮,https://kumanichi.com
農家から直接買うしかない…シャトレーゼの菓子が安くて ...,https://president.jp
伊江村トップページ | 伊江村公式ホームページ,https://www.iejima.org
JAバンク: 店舗・ATM検索,https://map.jabank.org
よりよく生きるため - 田舎暮らしの日々是好日,https://blog.goo.ne.jp
沖縄県産農家直送アップルマンゴー2kg,https://www.dublinwinetoyourdoor.ie
夢は酪農、畜産農家 意見発表で九州最優秀 永田さん（島原農 ...,https://www.nagasaki-np.co.jp
夢は酪農、畜産農家 意見発表で九州最優秀 永田さん ... - Nordot,https://nordot.app
生産農家への交付金5800万円、過大支給 コロナ禍による減収 ...,https://mainichi.jp
近代沖縄の糖業 - Google ブック検索結果,https://books.google.co.jp
TOKIOが沖縄でコーヒー栽培を初体験、10年後は「“高品質”に ...,https://natalie.mu
【ご好評につき早期終了】おきなわ体験最大50%OFF ...,https://www.asoview.com
農園リゾート ザファーム THE FARM 千葉県香取市にある ...,https://www.thefarm.jp
JA全農: ホーム,https://www.zennoh.or.jp
