沖縄県の生産者一覧 - 食べチョク,https://www.tabechoku.com/producers/okinawa
沖縄県の生産者 - 産地直送通販 食べチョク,https://www.tabechoku.com/producers?prefectures%5B%5D=%E6%B2%96%E7%B8%84%E7%9C%8C
沖縄の農業（のうぎょう）,https://www.pref.okinawa.jp/site/kodomo/land/sangyo/nogyo/index.html
沖縄県（おきなわけん）では、どんな野菜（やさい）が多く ...,https://www.maff.go.jp/j/heya/kodomo_sodan/0210/03.html
,https://www.maff.go.jp/j/kanbo/tiho/attach/pdf/todouhuken_gaiyou-64.pdf
,https://www.ja-okinawa.or.jp/agriculture/
なぜ農家に？沖縄に移住しデザイナーから転身。吉見 真一 ...,https://agriculture.rakuten.co.jp/noumusubi/contents/articles/2019/20191017_01/
【新規就農】沖縄県で農業を始める｜亜熱帯気候で採れた ...,https://agripick.com/2477
沖縄県 の検索結果: 100件 - 生産者一覧 - ポケットマルシェ,https://poke-m.com/producers?prefectures%5B%5D=okinawa
農家とお店の美味しい関係 | 沖縄観光情報WEBサイト ...,https://www.okinawastory.jp/feature/porte_vegetable/farmer
自社農家/契約農家/提携業者さん～沖縄の青果物卸専門店,https://omishokai.ocnk.net/page/13
沖縄県産ハーブ農家の搾りたてはちみつ【常温】 デリカ ...,https://delicatrunq-online.com/SHOP/d000069.html
沖縄のマンゴー農家が語る新規就農について,https://iju-mango-okinawa.com/%E6%B2%96%E7%B8%84%E3%81%AE%E3%83%9E%E3%83%B3%E3%82%B4%E3%83%BC%E3%81%AE%E8%A9%B1/1666/
沖縄農業ツアー - 農協観光,https://ntour.jp/okinawa-agritour/
農業生産法人株式会社サンヒルズ沖縄 - 農家のおしごとナビ,https://www.agreen.jp/job/detail.php?job_id=2582
沖縄産白いとうもろこし | 株式会社松島農園 | 日本,https://www.matsushimanouen.jp/
現代沖縄の米農家事情,http://hougen.sakura.ne.jp/hidaka/okinawa/2007/2_08.pdf
杉田農園おきなわ｜農薬不使用・化学肥料不使用栽培,https://home.tsuku2.jp/storeDetail.php?scd=0000129077
株式会社沖縄農園｜贈る人が誇れるお菓子創り,https://www.okinawafarm.co.jp/
沖縄マンゴー農園の案内 - 沖縄いただきます,https://okinawa-itadakimasu.com/mango/mango-farm/
株式会社みやぎ農園,https://www.miyaginouen.com/
大工から農家に転身。 沖縄ならではの作物「田芋（ターム ...,https://www.mainichigrillbu.com/column/288
なんとなく移住した沖縄でウコン栽培。今では契約農家に,https://colorfuru.jp/gourmet/20556
沖縄畜産農家が悲鳴「飼料高騰対策と価格上乗せを」 経営 ...,https://hubokinawa.jp/archives/17193
沖縄の農業をもっと発展させたい【沖縄県初】養液栽培で ...,https://camp-fire.jp/projects/view/329236
がんばる農家のみなさんを応援します！ | JAローン,https://www.ja-okinawa.or.jp/service/bank/loan/1/
ゆたか農園 - 沖縄県八重山郡｜【ゴヒイキ】農家直送！野菜 ...,https://gohiiki.com/farmers/1052/
【ちゅらマルシェ】「県産野菜」を丹精込めて育てる沖縄県内 ...,https://www.churatoku.net/info/0002435.aspx
沖縄情熱農園,https://okinawa-passionfruits.com/
こだわりの産地 沖縄直接買い付け - REN,https://www.ren1919-shop.com/?tid=2&mode=f83
今帰仁村/沖縄料理 - 【リニューアル】農家の食卓 - 食べログ,https://tabelog.com/okinawa/A4702/A470202/47023613/
沖縄県 - 大浜農園 - マーマーな農家サイト,https://www.murmur-farm.com/%E6%B2%96%E7%B8%84%E7%9C%8C
沖縄の農業体験ランキングTOP10 - じゃらんNet,https://www.jalan.net/kankou/470000/g2_66/
沖縄のマンゴー通販｜幻のマンゴーを農家が販売、直送 ...,https://naha-mango.com/
【沖縄から農家直送】島らっきょう1kg - Itosto / TOPページ,https://itosto-localstore.com/products/detail/117
沖縄の生産農家の為のビニールハウスの専門家 株式会社三和 ...,https://sanwaaguri.com/
Ⅲ 沖縄県の農業,https://www.pref.okinawa.lg.jp/site/norin/norinkikaku/documents/nougyou11-20.pdf
沖縄マンゴー農園直販・通販ショップ【マンゴラン】,https://mangoran.jp/
識名農園 ｜トマト・ミニトマト・インゲン・玉葱・ピーマン ...,https://www.shikinanouen.com/
野菜生活100｜シークヮーサー農家 小橋川さんのメッセージ,https://www.kagome.co.jp/products/brand/ys100/chisan/message/shikuwasa/
渡具知農園｜パパイヤ｜シークヮーサー｜きくいも｜くーがいも,https://www.ttnouki.jp/
沖縄で農家をやるのは大変？沖縄の農業事情をご紹介！,https://re-okinawa.jp/living_life/agriculture/
山パ農園・沖縄,https://www.yamapa.okinawa/
沖縄農業の特色,https://www.ogb.go.jp/nousui/nns/c1/tokusyoku
豆苗の製造・販売｜沖縄村上農園,http://www.oki-murakamifarm.com/
株式会社 沖縄村上農園 - 沖縄物産企業連合,https://www.feenu.co.jp/group/
ハーブの里 みどり農園,https://www.midori-nouen.jp/
農家民泊 ティンナ tinna - 沖縄北部 - Stay Japan,https://stayjapan.com/area/okinawa/okinawa-northern-region/nago/pr/1242
沖縄市民ふれあい農園,https://www.city.okinawa.okinawa.jp/k033-001/shiseijouhou/gaiyou/shisetsu/shisetsuannai/kouminkan/008.html
ハッピーモア市場丨カラダにハッピー、ココロも元気に。沖縄 ...,https://happymore.jp/
養鶏農家経営支援事業 - 石垣市,https://www.city.ishigaki.okinawa.jp/soshiki/chikusan/covid19/7716.html
NOSAI沖縄 沖縄県農業共済組合,https://nosai-okinawa.jp/
沖縄ファーム - 農業法人有限会社グリーンフィールド,https://www.114.co.jp/farmer/?id=1000
農業をはじめるには - 沖縄県農業会議,https://opca.or.jp/new-farmer/
沖縄の農業を一緒に勉強しながら、栽培管理ができます！,https://furusato-work.jp/worklist/works-21786/
沖縄県東村 又吉コーヒー園｜公式サイト,https://www.matayoshicoffee.jp/
沖縄のパイナップル農家を救う！クラウドファンディング実施 ...,http://www.nagopineapplewinery.com/feature/post-1805/
Free Our Soul,http://freeoursoul.net/
新里いきいき農園｜沖縄県南城市佐敷新里｜レンタル農場,https://ikiiki-noen.com/
ホーム | 農家民宿津嘉山荘 - Wix.com,https://tsukayamaso.wixsite.com/index
松原ファーム - モテビト農家育成プロジェクト,https://www.motebito.com/farmer/1903/
国内初！沖縄県名護市「やんばる」発、世界の一流シェフも ...,https://prtimes.jp/main/html/rd/p/000000243.000042665.html
沖縄の農業 ―その変化と現状―,https://www.nochuri.co.jp/report/pdf/r0409in3.pdf
沖縄県におけるマンゴー農家の経営意識に関する研究,https://agriknowledge.affrc.go.jp/RN/2010770977.pdf
「農家訪問」スナップ写真ギャラリー|[沖縄県]トロップ沖縄,https://hiratas.jp/snap_collection/gallery4/
新築牛舎 資材納品（沖縄県） - 生産農家を適切にアシスト ...,https://tabata-agri.co.jp/blog/23165/
沖縄 総合造園建設業 株式会社桃原農園,https://www.toubaru-nouen.co.jp/
シークヮーサーについて - 島田農園:沖縄県石垣島果樹専業農家,http://simada-farm.com/shekwasha.html
沖縄で国産コーヒーの大規模栽培実現へ、世界の知見と現場の ...,https://www.ssnp.co.jp/beverage/182900/
厳選農家より毎月直送！※北海道・沖縄・離島への配送不可,https://www.fucoa.cl/eurygnathism/illimitability954412.html
石垣島しまかろいファーム / 沖縄石垣島農家直送パイナップル,https://shimakaroi.com/
小さな農家の応援隊 | 沖縄県宜野湾市の旅行レポート - ふるぽ,https://furu-po.com/spage/rurubu_ginowan
沖縄 パイナップル ピーチパイン 約15kg 送料無料 農家直送 ...,https://mhurecc.gov.jm/?coresonant=126157&8YJDEy=1335200
沖縄移住。デザイナーからパイナップル農家へ転身した先輩 ...,https://www.homes.co.jp/cont/press/reform/reform_00636/
沖縄県きのこ生産振興会について,https://okinawa-kinoko.com/about/
フーチバー（ヨモギ）農家 川端 定信さん | 南城市,https://powder-foods.com/nouka_yomogi/
さとうきび農家【沖縄仕事図鑑】 - ジェイウォーム,https://www.jwarm.net/shigoto-zukan/58
農業後継者育成確保事業 | 公益財団法人 沖縄県農業振興公社,http://www.onk.or.jp/support/countermeasure/
株式会社 みやぎ農園 | JICA沖縄,https://www.jica.go.jp/okinawa/enterprise/kaihatsu/festival/2021/organization_03/05.html
送る・届ける：県内農家様 - 沖縄ヤマト運輸株式会社,https://www.okinawayamato.co.jp/enterprise/case/case04/
西表島『農家民宿マナ』でゆったりと過ごす島時間。 - 沖縄CLIP,https://okinawaclip.com/ja/detail/2644
沖縄県うるま市の農家が営む黄金芋の加工販売店｜黄金茶屋,http://www.ougonchaya.com/
沖縄の菊農家が作った超絶お洒落なイルミネーションスポット ...,https://dailyportalz.jp/kiji/kiku-illumination
【使い勝手の良い】 こだわり農家 味付け軟骨肉入り こだわり ...,https://www.atispa.org.ar/6599151768136833
スマートフォン用トップページ | 沖縄県花卉園芸農業協同組合 ...,http://www.taiyo-hana2.jp/
「お金にならないと意味がない」元サッカー日本代表・高原直 ...,https://number.bunshun.jp/articles/-/853826
農家さん自慢の一品！ ジューシーで甘さたっぷりのこだわり ...,https://www.aeon-ryukyu.jp/magazine/4227/
たからの山農園 | 産地直送「ちむぐくる」 - エドノイチ,https://chimu.edono1.com/producer/oka02
沖縄の農業と農産物｜熱帯気候で活躍する農業資材を紹介！,https://ecologia.100nen-kankyo.jp/column/single140.html
沖縄農園のマンゴージャム 140g - わしたショップオンライン,https://www.washita.co.jp/products/detail/1212
「人と環境に優しい農業追及」75歳の農家、有機栽培と太陽 ...,https://be-kind.okinawa/sdgs/%E3%80%8C%E4%BA%BA%E3%81%A8%E7%92%B0%E5%A2%83%E3%81%AB%E5%84%AA%E3%81%97%E3%81%84%E8%BE%B2%E6%A5%AD%E8%BF%BD%E5%8F%8A%E3%80%8D75%E6%AD%B3%E3%81%AE%E8%BE%B2%E5%AE%B6%E3%80%81%E6%9C%89%E6%A9%9F%E6%A0%BD/
沖縄専科 まるごと搾った シークワーサー 沖縄県大宜味村産 ...,https://www.amazon.co.jp/%E6%B2%96%E7%B8%84%E5%B0%82%E7%A7%91-%E3%81%BE%E3%82%8B%E3%81%94%E3%81%A8%E6%90%BE%E3%81%A3%E3%81%9F-%E3%82%B7%E3%83%BC%E3%82%AF%E3%83%AF%E3%83%BC%E3%82%B5%E3%83%BC-%E6%B2%96%E7%B8%84%E7%9C%8C%E5%A4%A7%E5%AE%9C%E5%91%B3%E6%9D%91%E7%94%A3-720ml%EF%BC%88%E5%A5%91%E7%B4%84%E8%BE%B2%E5%AE%B6%E3%81%95%E3%82%93%E3%81%AE%E9%9D%92%E5%88%87%E3%82%8A%E6%9E%9C%E5%AE%9F%E3%81%AE%E3%81%BF%E4%BD%BF%E7%94%A8%EF%BC%89/dp/B094H6ZPCB
「農家の愛情を捨てないで」規格外の果物をスイーツに!,https://www.okinawa-kurozatou.or.jp/ok10/article/782
沖縄のハーブ農家 岸本ファーム | 料理人 上江田崇の伝えるBlog,https://takashiueta.com/%E6%B2%96%E7%B8%84%E3%81%AE%E3%83%8F%E3%83%BC%E3%83%96%E8%BE%B2%E5%AE%B6-%E5%B2%B8%E6%9C%AC%E3%83%95%E3%82%A1%E3%83%BC%E3%83%A0/
沖縄ムクナ豆農園,https://www.mucuna-okinawa.co.jp/
ぐしちゃん銀バナナ農園,https://ginbanana.com/
宜野座ファーム農園 | 沖縄県宜野湾市の建築会社 ライト建設 ...,https://lightkensetsu.co.jp/889/
アセローラの産地を訪ねて〜沖縄県本部町 - カルチベ,https://karuchibe.jp/read/5235/
【インタビュー】未経験から沖縄でスイカ農園を経営する農業 ...,https://agri-match.com/interview-1/
ぬうは(nuuha)農園のパイナップル【沖縄県東村のパイン農家】,https://nuhapineapple.ti-da.net/
農家のみなさまへ！ - 久米島町,https://www.town.kumejima.okinawa.jp/docs/2022080100034/
意外と知らない!?沖縄県民の生活を支え続ける「サトウキビ」,https://www.orionbeer.co.jp/story/sugarcane/
宮ファーマーズカンパニー オンラインショップ｜確かな ...,https://38farmers.okinawa/
識名農園(沖縄県) - 有機・無農薬野菜 - ふるさと21,https://www.fsec.jp/products/list.php?category_id=1110
豊見城市市民農園について,https://www.city.tomigusuku.lg.jp/sp/industry/149/1235
【沖縄やんばる・沖縄文化体験】おじいに教わる！サトウキビ ...,https://www.asoview.com/item/activity/pln3000007106/
沖縄の離島」×「本気の農業」オンライン伊江島移住体験 ...,https://smout.jp/plans/4079
沖縄農業の未来を変える！世界初の極上パッションフルーツを ...,https://readyfor.jp/projects/todoke-okinawa-passion
沖縄の離島では人手不足が深刻…。離島の後継者問題はどう ...,https://yuime.jp/post/solution-problem-successors-remote-islands
海ん道(うみんち) | 沖縄産海ぶどうを世界の食材へ,https://www.uminchi.com/
沖縄のマンゴーって実際どうやって育てるの!?開花から収穫 ...,https://okinawa-mag.net/kannna_mango/
これが新しい農業スタイル？SNSを使ってファンを増やして ...,https://www.okinawa-familymart.jp/article/archive.html/8545
沖縄県宮古島における農家就業構造と農業構造の動態 - J-Stage,https://www.jstage.jst.go.jp/article/nokei/89/1/89_1/_article/-char/ja/
農園について | ADA FARM - アダ・ファーム,http://farmthefuture.jp/%E8%BE%B2%E5%9C%92%E3%81%AB%E3%81%A4%E3%81%84%E3%81%A6/
農業生産法人株式会社マルシェ沖縄 | 沖縄県商工会連合会,https://www.oki-shokoren.or.jp/innovation-2/2014-09-28/3206/
沖縄の専門学校・大学を選ぶ・資料請求するなら｜ミライチズ,https://www.miraichizu.com/sp/job/detail.php?professional_id=47
ぷちぷち 海ぶどう農園のお店 WEBショッピング,https://uminchiokinawa.shop-pro.jp/
JA共済,https://www.ja-kyosai.or.jp/
会社勤め⇒沖縄移住⇒宇都宮で農業ライフ！旬の野菜ごはん ...,https://www.paravi.jp/watch/103652
若手農家と県農協の営農指導員が意見交換 大分市で交流研修会,https://www.oita-press.co.jp/1010000000/2022/12/02/JD0061896763
店舗情報 | apcompany,http://www.apcompany.jp/shop/
沖縄の島豚“アグー”を巡る旅。 - 料理通信,https://r-tsushin.com/journal/japan/okinawa_2022_11/
こだわり農家 こだわり食材沖縄沖縄ゴーヤー2本 350g〜500g,https://michalakmed-poradnia.pl/?ichthyopterygium%2F163295
こだわり農家・こだわり食材沖縄沖縄県今帰仁産スイカ 1個 ...,https://digitalyouthnetwork.org/?circumflex-1253301-UyxngioU/15809489
沖縄でのんびり移住生活！？DXの導入で人気職種になった ...,https://012okinawa.com/agriculture/
【タクうま イノブタ丼】沖縄『わぁ～家～』のお店 ... - Activi TV,https://www.activitv.com/entry/taxi_umaimise_221201_inobuta/
沖縄・与那国でミサイル避難訓練 最西端の離島 - 下野新聞社,https://www.shimotsuke.co.jp/articles/-/665394
TAILOR 東洋 TT10727 龍×沖縄 別珍 リバーシブル スカジャン M,https://www.gazetaderiopreto.com.br/?3363cdaa18051amg80970.html
ふるさと納税 沖縄県糸満市 国産リリコイバター「海と ...,http://xvi.lapaz.gob.mx/?587/292890.htm
亀井堂総本店の「神戸元町バターサンドTONOWA」から新作 ...,https://www.makuake.com/project/kameido-tonowa/
天国の名にもっともふさわしい楽園へ | ハレクラニ沖縄【公式】,https://www.okinawa.halekulani.com/
アメリカンビレッジ AMERICAN VILLAGE – 美浜タウンリゾート,https://www.okinawa-americanvillage.com/
イーアス沖縄豊崎,https://toyosaki.iias.jp/
沖縄県浦添市 - ふるさと納税のお礼品 - さとふる,https://www.satofull.jp/products/list.php?s3=1256&cnt=60&p=1
