お問合せ｜工場見学歓迎です。 - 株式会社コテック,http://www.kotec-corp.co.jp/contact/index.htm
お問合せ - 工場改善・コスト削減コンサルティング 株式会社 ...,http://zero1-consul.co.jp/52336473
お問い合わせ｜株式会社永瀬工場,http://www.nks-nagase.co.jp/contact.html
お問い合わせ - 杉工場,https://sugikojo.com/contact/
大阪工場 お問い合わせ – 扶桑精工株式会社,https://www.fuso-seiko.co.jp/group/osaka/osaka-contact
お問い合わせ｜株式会社 会津工場,https://www.kabuaizu.co.jp/contact/
お問い合わせ｜工場見学やゴムのご相談はこちら ... - そごう商店,https://k-sogou.com/contact/
"工場見学・お問合せ | Maruyoshi Kogyo Co., Ltd. - 丸嘉工業",http://maru-y.co.jp/contact/
お問い合わせ - 株式会社 竹田鉄工場,https://www.takeda-iron.co.jp/contact/
お問い合わせ | 大塚製薬工場,https://www.otsukakj.jp/contact_us/
工場見学のお問い合わせ,https://okahatanouen.co.jp/contact-factory/
お問い合わせContact - 寿山(JYUZAN) 土岐市,https://www.jyuzan.co.jp/contact/
お問い合わせ（会社見学／取材など） - HILLTOP株式会社,https://hilltop21.co.jp/contact2/
CONTACT お問い合わせ - 岡田染工場,https://okadasome.jp/contact/
お問い合わせ | DASAI,https://dasai.jp/contact/
お問い合わせ | 株式会社大塚工場,https://www.pin-otsuka.co.jp/contactus/
会社見学に関するお問い合わせContact Us - アミノアップ,https://www.aminoup.jp/contact/factorytour/
お問合せ・工場見学・オンライン打合せのお申込,https://www.cleanfarm.co.jp/form?form_id=2325
お問い合わせInquiry - 紺野機業場,https://konnosilk.com/inquiry.html
工場見学に関するお問い合わせ - 株式会社アーティストリー,http://www.artistry.co.jp/contact/form3.html
お問い合わせ（関西工場） - 阪栄グループ,http://www.hanei-co.jp/contact-osaka/
お問い合わせ・工場見学のお申し込み - しまね森林発電は,http://simane-fg.co.jp/contact/
お問い合わせ・工場見学申込み｜有限会社新栄工業,https://shinei-industry.com/contact/
お問い合わせ - 株式会社 アール・ビー・エス,https://rbs-corp.biz/contact.html
工場見学のお問い合わせ｜茨城県｜水戸市 - カーレポ,https://www.carepo.jp/smarts/index/225/
お問い合わせ - 信越理研シルコート工場株式会社,https://shinetsu-riken-silcoat.co.jp/contact/
お問い合わせ | 株式会社 情報工場,https://joho-kojo.com/contact/
お問い合わせ | 食品工場用多機能ユニフォーム - VERSATILE,https://versa-series.com/contact/
各種お問い合わせ一覧 - 石川工場,https://www.ishikawakojo.jp/%E3%81%8A%E5%95%8F%E3%81%84%E5%90%88%E3%82%8F%E3%81%9B/
工場見学・技術相談 - 面取り機,https://www.k-hokusei.jp/tour
お問い合わせ｜自動車リサイクル工場見学紹介,https://www.recycletour.com/contact/
工場見学／お問い合わせ - 志水製作所,https://www.shimizu-seisakusyo.co.jp/contact/
お問い合わせ | 浅野自動車工場,https://www.asano-shop.com/contact
工場見学お申し込み - 日本フードエコロジーセンター,https://japan-fec.co.jp/form/factory/
お問合せ | 工場設備やプラント工事のイーゼルグループ,https://superkoumuten.com/support
お問い合わせ - 関の工場参観日,https://kojosankanbi.jp/contact
お問合せ | 株式会社サンコー,https://sankohgasseiki-co-jp.prm-ssl.jp/sankoh/ssl/
お問い合わせ | 森博多織株式会社,https://hakataori.co.jp/contact/
お問い合わせ～工場見学の申込 - 株式会社片桐紙器,http://katagiri-shiki.co.jp/contact.html
商品と工場見学以外に関するお問い合わせメールフォーム,https://www.hombo.co.jp/contact/form/inquiry/
お問い合わせ｜株式会社DieKraft工場（公式 ...,https://d-kraft.jp/publics/index/5/
お問い合わせ・工場見学申込｜プラスチックリサイクルの株式 ...,http://www.sci-recycle.com/contact/
お問合せ・工場見学お申し込みContact - ライトケミカル,https://www.lightchemical.co.jp/visits/contact.html
株式会社熊さん お問い合わせフォーム,http://www.kumasan-japan.co.jp/contactus/index.html
お問い合わせ 西村工場,https://nishimurakoujou.com/contact
お問い合わせ - AGC,https://www.agc.com/contact/
お問い合わせ先一覧 - ファナック株式会社,https://www.fanuc.co.jp/ja/contact/index.html
お問い合わせについて - 造幣局,https://www.mint.go.jp/about-contacts
お問い合わせ - 株式会社やさい工場｜公式サイト,https://yasaikojo.net/contact/
お問い合わせ - サンタのアイス工場,http://icefirm.com/contact/
お問い合わせ｜半導体製造の経験から工場のスマート化を実現,https://atfields.com/contact
お問い合わせ｜工場のFAをトータルサポート - 株式会社フジワ,https://www.fujiwa-net.co.jp/contact
お問い合わせ｜有限会社丸井食品三重工場,https://maruishokuhin.co.jp/contact/
本社・工場へのお問い合わせ / 戸畑鉄工株式会社,https://www.tobata-iron.co.jp/contact/office/
問い合わせフォーム - 有限会社斎藤鍍金工場,https://saito-mekki.com/contact/
ヘルプ・お問い合わせ - 工場ワークス,https://04510.jp/help/
お問い合わせ | 工場夜景「THE FACTORY STYLE」,https://factory-style.com/contact/
お問い合わせ | JPFA植物工場研究会,https://npoplantfactory.org/contact/
お問い合わせ - 株式会社セキテック,https://sekitech-gifu.co.jp/contact/
ご相談・お問い合わせ - ダイワ工業株式会社,https://daiwakougyo.jp/form/
各種お問い合わせ - 株式会社 向山工場,https://www.mukoyama-steel.com/inquiry.html
お問合せ - 株式会社あつみ下関工場,https://www.fuku-maizuru.jp/contact.php
お問い合わせ・工場見学予約 - 株式会社坂詰製材所,https://s-seizai.com/contact/
お問い合わせ - 清本鐵工株式会社,https://www.kiyomoto.co.jp/inquiry/
郡司製菓工場 お問い合わせ,https://www.gunjiseika.com/contact
お問い合わせ,https://www.eps-hozen.com/contact/
お問い合わせ | 日本ピーシージー株式会社は工場プラント ...,https://www.nihon-pcg.co.jp/contact/
お問い合わせ | 産業廃棄物や一般廃棄物の収集・運搬・処理 ...,https://www.gomi-magokoro.co.jp/contact.html
お問い合わせ｜味の素株式会社,https://www.ajinomoto.co.jp/question/
パンの包装工場お問い合わせページ,https://www.pansizai.jp/contact
お問い合わせ｜ネーベン株式会社｜プラスチック原料、ゴム ...,https://www.neven.co.jp/contact
お問い合わせ | 睦特殊金属工業株式会社,https://mutsumi-t.jp/inquiry/
マドグチ | 具現化工場 - ラヤマパック,https://gugenka.rayama.co.jp/contact/
お問い合わせ - 株式会社長浜シャーリング工場,http://www.nagasya.co.jp/contact/
お問い合わせ - 北谷長老酒造工場株式会社,https://chatan-chourou.co.jp/contact/
お問い合わせ | 工場システムの自動化なら太陽電機株式会社,https://taiyo-el.jp/contact/
月刊食品工場長｜お問い合わせ - 日本食糧新聞社,https://info.nissyoku.co.jp/modules/form_kojocho2/
お問い合わせ(完了) | 製造工場を支える唯一無二の存在。,https://isonaga.co.jp/thanks/
お問い合わせ | 株式会社森下メリヤス工場 Official website,https://morishitaknit.jp/contact/
お問い合わせ | 株式会社エヌ・エヌ・シー リサイクル工場,https://nnc-recycle.com/contact/
お問い合わせ | 株式会社美ショウ・縫製工場,http://mishowltd.com/contact/
お問い合わせ｜工場設備の企画・設置・メンテナンス「株式 ...,https://www.kouken-i.co.jp/inquiry.html
ブラシ専門工場のお問い合わせフォーム - やまうち製作所,https://www.brush-jp.com/publics/index/281/
お問い合わせ 《公式》お名前シール工場,https://www.5zest.com/contact/
お問い合わせ｜有限会社昭和自動車整備工場へのご意見,https://www.showa-jikou.jp/contact
工場・プラント向け製品／サービスに関するお問い合わせ,https://www.azbil.com/jp/product/factory/inquiry/index.html
工場見学 | お問い合わせ,https://www.fujitanet.co.jp/contact/visit
サービス工場お問い合わせ - 株式会社オートプロニーズちくご,https://www.apn-chikugo.com/contact/service/
線材加工の工場見学・お問い合わせ - 光陽発条工業株式会社,http://senzai-kakou.jp/inquiry/
お問い合わせ｜【群馬県の精密板金工場】内外機工有限会社,https://www.naigaikikou.co.jp/pages/5/
お問い合わせ | ファシリティ、工場・倉庫内物流の事なら誠文社,https://www.seibunsha-net.co.jp/contact/
お問合せフォーム - 中屋パン粉工場,http://www.nakayapanko.co.jp/188551147
株式会社第一製作所 九州工場｜お問い合わせ,https://www.daiichiseisakusho.co.jp/contact
北九州工場へのお問い合わせ - 株式会社九州イノアック,https://www.kyu-inoac.co.jp/form?form_id=2858
お問い合わせ｜工場機械設備のエンジニアリング、施工は ...,http://www.the-earth25.com/contact/contact.php
工場見学,https://www.na-plus.co.jp/tour/
お問い合わせ｜一般財団法人 京都工場保健会,http://hokenkai-recruit.jp/contact/
お問い合わせ – 株式会社ウェーブクレスト 宮古工場,https://wavecrest.jp/form/
見学のお問い合わせ｜わくわく工場見学 - ヒゲタしょうゆ,https://www.higeta.co.jp/kodawari/museum/kengaku.html
お問い合わせ | 柏洋硝子株式会社,https://hakuyo-glass.com/contact/
お問い合わせ | ケミコン東日本株式会社 宮城工場,https://www.chemi-con.co.jp/company/miyagi/inquiry/
お問い合わせ｜エコパーク宗像 宗像清掃工場 - 玄界環境組合,http://www.genkai-kankyo.jp/contact_m.php
お問い合わせ - 株式会社スマート工場研究所,http://smartfactory-labo.co.jp/contact/
お問い合わせ｜スーパー銭湯・介護施設・プール・工場向け ...,https://daileo.co.jp/info
"お問い合わせ | 有限会社西製茶工場 - Nishi Tea Factory Co.,Ltd",https://nishicha.com/contact
お問い合わせ | お客さま相談室 | 森永乳業株式会社,https://www.morinagamilk.co.jp/contact/
お問い合わせ｜株式会社八千代自動車整備工場,https://www.yachiyo-jidousha.co.jp/contact/
お問い合わせ｜ビル・工場・プラント等の中央監視システム,https://www.frdm.co.jp/inquiry/
株式会社大和工場 お問合せページ,https://www.yamatokj.co.jp/top/toiawase/toiawase.html
［木曽岬工場］お問い合わせ - 不二精密工業株式会社,https://www.e-fujiseimitsu.co.jp/smarts/index/41/
お問い合わせ/会社訪問・工場見学・入社応募 - YDK 山本電気 ...,https://www.ydk.jp/support/contact_recruit2.php
お問い合わせ（お見積り）｜金属プレス・冷間鍛造の山本工場,https://yamamoto-kojo.com/contact/
お問い合わせ - あやせ工場スマートナビ -,https://ayase-manufacturing.jp/contact/
寝具・ユニフォーム新関西衣料サービスのお問い合わせ,https://www.shinkansai.co.jp/contact/
工場設備輸送に関するお問い合わせ - 近鉄エクスプレス販売,https://www.kwesales.co.jp/inquiry/production.html
多摩工場(東京)｜コカ･コーラ ボトラーズジャパン工場見学,https://www.ccbji.co.jp/plant/tama.php
お問い合わせ | 福多染工場,https://www.yasuda-some.com/contact
お問い合わせ - 有限会社新世自動車整備工場,https://www.lotas-shinsei.com/contact/
お問い合わせ - クレーン製造許可工場 ... - コウショウ株式会社,https://kosho-crane.jp/contact.php
お問い合わせ｜持田製薬工場株式会社,https://mpp.mochida.co.jp/inquiry.html
CONTACTお問い合わせ - 有限会社 glitter,http://www.glitter2005.com/contact/
工場用地について - お問い合わせ - 中部電力パワーグリッド,https://powergrid.chuden.co.jp/faq/inquiry/inq_yochi/
お問い合わせフォーム/什器の企画製造販売｜大阪製罐株式会社,http://www.os-cabinet.jp/contact.html
お問合せ - しまんと製材工場,https://shimantoseizai.jp/contact/
お問い合わせ - 東京技販株式会社 山形工場,https://www.fa-japan.com/yamagata_factory/contact.html
工場見学とお問い合わせ | 名古屋市の株式会社中島紙工,https://www.nakashimashiko.com/contact
お問い合わせ｜栗原製麺工場 | 筑波山麓の麺工房 栗原のうどん,https://kurihara-seimen.co.jp/pages/5/
お問い合わせ - 大和紡績工場採用｜NO TEMPLATE,https://www.daiwabo-recruit.jp/inquiry.php?id=9
お問い合わせ - 料亭工場 里仙 | 東京正直屋,http://ryouteikoujyou.jp/postmail/postmail.html
お問い合わせ - アルミ保冷袋・ポリ袋の海外自社工場・定期便 ...,https://www.morofuji.net/contact/
お問い合わせ | 【公式】兵庫植物工場事業協同組合,https://hyogosyokubutsu.com/contact/
お問い合わせ｜有限会社嶋田自動車整備工場,https://www.shimada-jidousya.jp/contact/
お問い合わせ - 縫製工場｜オールウィン株式会社 岐阜,https://www.all-win.com/%E3%81%8A%E5%95%8F%E3%81%84%E5%90%88%E3%82%8F%E3%81%9B/
お問い合わせ - TK製薬株式会社,https://tk-seiyaku.co.jp/contact/
工場見学について｜赤城乳業株式会社,https://www.akagi.com/factory/index.html
お問い合わせ | 株式会社丸山製作所 まんまる笑顔製造工場,https://egaoseizou.co.jp/inquiry/
"ようこそ！明治の工場見学へ｜株式会社 明治 - Meiji Co., Ltd.",https://www.meiji.co.jp/learned/factory/
お問い合わせ | アパレルOEM生産の縫製工場 - 丸和繊維工業,https://maruwa-tex-ind.co.jp/contact/
contact お問い合わせ - 株式会社 ミツトヨ 高知工場,https://kochi-mitutoyo.co.jp/contact/
お問い合わせ | 食品工場の生産販売管理システムはローゼック,https://rozec.co.jp/contact/
お問い合わせ / (株) 寿 須藤製麺工場,https://www.sudouseimen.co.jp/pages/contact
お問い合わせ／ご予約｜AVEX株式会社（エイベックス）工場 ...,https://avex-factory-tour.com/inquiry.html
お問い合わせ - オリバーソース,https://www.oliversauce.com/inquiry/
お問い合わせ | 株式会社田中鋳物工場,https://tanakaimono.co.jp/contact
"お問い合わせ | 株式会社ツルヤ工場,溶接棒,被覆アーク溶接棒 ...",http://www.tsuruya-works.co.jp/contact.html
お問い合わせ Contact - 上野鉄工場,http://www.ueno-tekko.co.jp/contact.html
お問い合わせ - cafeスマイル工場,https://www.cafe-smilefactory.com/contact
お問い合わせ - 工場ものがたり,https://kojogatari.jp/contact/
お問い合わせ｜愛知県名古屋市の工場の営繕・新築施工なら ...,https://chitosekensetsu.co.jp/contact/
お問い合わせ - 河野酢味噌製造工場,https://kohno-honten.co.jp/2018/inquiry/
関西電子ビーム株式会社 | お問合せ・出張セミナー・工場見学 ...,https://www2.kanden.ne.jp/cgi-bin/kbeam/index.cgi
お問い合わせ | BMW認定工場リペア・ナガオカ,https://r-nagaoka.com/contact/
お問い合わせ - 石田製麺工場,https://ishidaseimen.com/contact/
お問い合わせ,http://www.matsuura-es.co.jp/contact
お問い合わせ - 瓦・屋根 | 中野セメント製品工場,https://www.nakano-yane.co.jp/contact/
株式会社神野木工場｜お問い合わせ,https://www.jinno-mokko-jyou.com/login/inquiryedit
お問い合わせ - 珈琲工場,https://coffeekojyo.com/contact
お問合せ - 独立行政法人 国立印刷局,https://www.npb.go.jp/ja/contact/
お問い合わせ - 株式会社 和泉製氷冷蔵工場,https://www.izumiseihyo.com/contact/
産業設備・生産設備など幅広い商品で工場をサポートします,https://e-dainichi.co.jp/inquiry
工房見学お問い合わせ - 和光舎,https://wakohsha.com/contact
工場見学のお申し込み | お問い合わせ - 敦賀セメント株式会社,https://www.tsuruga-cement.co.jp/contact/general.php?mode=2
お問い合わせ | トマト工業株式会社：笑顔をつくる工場にしよう,https://tomatokogyo.com/%E3%81%8A%E5%95%8F%E3%81%84%E5%90%88%E3%82%8F%E3%81%9B/
お問い合わせ - 宮崎発 工場選りすぐり直販「旨(うまみ)」,https://umami-miyazaki.com/inquiry
お問い合わせ - 協和織工場,http://kyowaori.com/contact/
お問い合わせ | 株式会社コーヨー,https://www.538ko-yo.net/contact.html
お問い合わせフォーム - 群馬県 明和町の町工場 株式会社大山,https://kk-ohyama.jp/contact
お問い合わせ | 富田技研 – 工場設備、設備工事、印刷機周辺 ...,https://www.tomitagiken.co.jp/contact/
工場見学申し込みフォーム - 丸重製紙企業組合,https://www.marujyu-mino.com/contact
お問い合わせ・ご相談窓口 - アキモク鉄工,http://www.akimoku-iw.jp/inquiry.html
レーザー｜NCターレットパンチング｜板金加工一般｜溶接 ...,https://www.sankopk.co.jp/pages/3/
中国工場(東莞市石碣鎮) | お問い合わせ,https://sunaga.co.jp/tongan/inquiry.html
お問い合わせ_工場アプローチリスト,https://www.net-bizs.jp/factory-list/contact_factory-list/
お問い合わせ - 株式会社カクダイ岐阜工場,http://kakudai-gifu.jp/contact.html
お問い合わせ - 株式会社協和自動車整備工場,http://kyouwajikou.co.jp/publics/index/5/
お問い合わせ｜アイキューブデジタル｜工場の自動化を支える ...,https://www.i3-digital.com/contact/
お問い合わせ｜軽自動車・エコカー・低燃費車【ダイハツ】,https://www.daihatsu.co.jp/faq/index.htm
お問い合わせ – 出版コンサルティングの天才工場,https://www.tensaikojo.com/inquiry
お問い合わせ｜ノウハウを活かした工場・倉庫の営繕工事の ...,https://www.is-1515.co.jp/category03/index01.html
"滋賀の自動車販売,車検,修理車のことなら「くるまや」へ！",http://kulumaya.net/contact/index.html
工場防災システム お問い合わせ,https://www.nohmi.co.jp/inquiry/contact13/
お問い合わせ | ケアユー株式会社 博多工場,https://www.careyou.co.jp/liaise/
北清掃工場建替事業に関するお問い合わせについて - 東京 - 北区,https://www.city.kita.tokyo.jp/r-seiso/syokurosu/documents/tatekae.html
お問い合わせフォーム | 縫製工場ものづくり工房ブログ,http://housei-shop.com/blog/contact-form/
お問い合わせ - 田中鈑金自動車整備工場,https://www.tanakabankin.com/contact
工場見学お問い合わせ|スクラップ、金属リサイクル,https://www.yamahara.jp/factory/index.html
お問い合わせ | ビル・マンション・工場の電気工事 ... - NRS電設,https://nrs-e.com/contact/
お問合せ | 日本製にこだわり国内に縫製工場をもつアパレル ...,https://zoomproject.co.jp/contact/
お問い合わせ | キョーリン製薬グループ工場株式会社,https://www.kyorin-gfc.co.jp/contact.html
お問い合わせ｜社会福祉法人 小野起生園・小野福祉工場,https://www.hwc.or.jp/ono/contact/
お問い合わせ | 岡安ゴム株式会社,https://www.okayasu-rubber.co.jp/contact.html?type=product
お問い合わせ・ご注文 - 有限会社 中島製麺工場,https://nakashimaseimen.jp/?page_id=13
株式会社ケー・アイ・ケー｜お問い合わせ,https://www.kk-kik.co.jp/contact/index.html
お問い合わせ – JUKI株式会社 大田原工場,https://www.juki.co.jp/ohtawara/contact/
お問い合わせ - シャトレーゼ,https://www.chateraise.co.jp/customercenter
お問い合わせ - 株式会社TG ｜ バッグのOEM国内工場,https://www.tgtg.jp/contact
お問い合わせ｜株式会社平尾自動車工場,https://www.hiraojidousha.com/contact/
大阿蘇車体整備工場-お問い合わせ - 熊本県 - 修理広場,https://www.shuurihiroba.com/bp/contactus.php?id=rtzjc
お問い合わせ | 安全野菜工場,https://yasaikojo.com/contact/
お問い合わせ - 製餡所ないとう,https://naitouan.com/toi/
お問い合わせフォーム｜工場の脱臭専門企業 テクノメディカル,http://www.techno-medical.co.jp/contact.html
お問い合せ - 船橋市北部清掃工場,https://www.fes.ebara.com/contact/index.html
お問い合わせ – 三桃食品株式会社九州工場,https://www.mitsumomo-kyushu.co.jp/contact/
南三陸BIO（ビオ）工場見学のお問い合わせ - アミタグループ,https://www.aise.jp/contact/tour.html
工場見学に関するお問い合わせ - 天童木工,https://www.tendo-mokko.co.jp/contact/tour/
お問い合わせ | 岐阜の小規模工場・倉庫の便利屋さん「ワギ ...,https://wagidenki.co.jp/contact/
MORIUM&鶴見工場｜施設見学｜森永製菓株式会社,https://www.morinaga.co.jp/factory/tsurumi/
お問い合わせ｜松本園製茶工場｜国分寺に銘茶あり,https://www.kokubunji-cha.com/contact
お問い合わせ - 日豊特装車輌整備工場,https://nippou-tokusou.com/contact.html
お問い合わせ | 相模原の貸倉庫、貸工場物件情報ならアクティオ,https://www.actio-net.co.jp/contact/edit/
お問い合わせ｜植物工場研究センター（PFC） - 大阪公立大学,https://www.omu.ac.jp/orp/plant-factory/contact/
お問い合わせcontact us - 清水園 製茶工場,http://simizuen.com/contactus.html
お客様センター（お問い合わせ） - 雪印メグミルク,https://www.meg-snow.com/customer/search/?qa=%E5%B7%A5%E5%A0%B4
お問い合わせ | 【酪王協同乳業株式会社】 郡山工場,https://www.rakuou-milk.co.jp/contact/
お問い合わせ - 屋宜原自動車整備工場,https://yohen-carrepair.com/inquiry/
お問い合わせ - 工場パーテーション.com,https://www.340fcpt.com/contact/
お問い合わせ - 井手製茶工場,https://ideseicha.co.jp/contact/
お問い合わせ｜愛知製鋼株式会社,https://www.aichi-steel.co.jp/contact/
若松工場へのお問い合わせ - 丸栄化工,http://maruei-gr.jp/publics/index/64/
お問い合わせ | 株式会社 工場経営研究所,https://koujoukeiei.jp/company/inquiry
お問い合わせ｜株式会社美浜フーズ（公式ホームページ）,https://www.mihama-cfg.co.jp/publics/index/5/
お問い合わせ ｜ 空調・冷却の熱対策 - 中部オリオン,http://www.chubu-orion.co.jp/form/
お問い合わせ | 工場の集塵機メーカー - 株式会社アコー,https://www.acokk.co.jp/contact_us/
お問い合わせ - 大丸コンクリート工業 矢板工場,https://www.daimaruyaita.jp/?page_id=80
お問い合わせ｜三木市・神戸市の契約送迎バス,https://www.kobekitakotsu.com/contact.php
工場見学 - サンアクアTOTO株式会社,https://sat.jp.toto.com/tour
工場見学に関するご質問・お問い合わせ - 浜松のお菓子処 春華堂,https://group.shunkado.co.jp/contact/form_factory/
無料お見積依頼・お問い合わせ｜埼玉県の工場・倉庫の外壁 ...,https://japantec-factory.com/contact/
お問い合わせ｜株式会社青木染工場｜岐阜県の染色加工業,http://www.aoki-senko.co.jp/inquiry.html
お問い合わせ - 工場電気サポート株式会社,https://denkikouzi.jp/contact/
採用に関するお問い合わせ – ガーデンクリエイト株式会社,https://gardencreate.jp/business/mie/recruit
お問い合わせ - 大和化成工業株式会社 山形工場,http://seimitsukakou.com/contact/
工場見学の申し込み先を教えて。 | 日産 - FAQ/お問い合わせ,https://faq2.nissan.co.jp/print/faq/6596?site_domain=default
お問い合わせ - 本社・川崎工場 | 早来工営株式会社,https://hayakita.co.jp/contact/contact-kawasaki/
鶴岡市の不動産店 | お問合せ - （有）空間工場,http://www.kukankojo.com/contact/
北整備 お問い合わせ | クルマのWebモール「いとくるま ...,https://it-kuruma.jp/miyagi/kitase6951/form.php
工場見学のお申し込み・お問い合わせ - 東栄工業所,https://www.toei-kogyosho.co.jp/sp/recruit/tour.html
お問い合わせ,https://honmachi-group.com/contact/
工場見学のお申し込み | お問い合わせ | 株式会社スギヨ,https://www.sugiyo.co.jp/contact/apply/form/calendar/
お問い合わせ(入力ページ) - 野村乳業 工場直送健康便,https://myflora.jp/contact/
お問い合わせ | プリント工場の丸昇,https://www.marusho369.com/contact/
よくあるご質問 | ANA Blue Hangar Tour ANA機体工場見学,https://www.anahd.co.jp/group/tour/ana-blue-hangar/faq/
お問い合わせ - スギモト 豊田工場直売GO!!,https://chokubai-go.com/contact
企業情報 お客様相談室｜太子食品工業株式会社,https://www.taishi-food.co.jp/corporate/contact
お問い合わせ | 帝研化工株式会社 副資材・工場環境機器の販売 ...,http://www.teiken-kako.co.jp/contact/
無償テストのご相談・お問い合わせ - 工場排水処理なら篠永化成,http://sk-haisui.com/info/index.html
お問い合わせフォーム - [株式会社広島企業],http://www.hiroshimakigyo.co.jp/contact/index.php
お問い合わせ｜《公式》名入れ工場,https://www.name-gift.com/contact/
【MORIUM・鶴見工場見学】見学所要時間はどれくらいですか。,https://morinaga-faq.dga.jp/faq_detail.html?id=4247
お問い合わせ - 川重協力工場協同組合,https://kawajyu-kyokumi.com/contact/
お問い合わせ - 函館市日乃出清掃工場,https://hakodate-ht.com/contact
お問い合わせ ＞ サービス工場 | CALWING キャルウイング,https://www.calwing.com/company/inquiry_factory/
お問合せ | 習志野市車検整備鈑金指定工場のカードックトウホウ,http://cardoc-toho.co.jp/contact/
お問い合わせ - 大森工場協会,https://omori-kojo.jp/contact/
お問合せ - 剪定のこぎりの丸源鋸工場,https://www.nokogiri.co.jp/contact/
お問い合わせ | 株式会社トーモク 大阪工場の採用情報,https://atcompany.jp/tomokuosaka/contact/
建設・再構築関連のご相談お問い合わせ,https://www.ajieng.co.jp/contact/index.html
「植物工場・農商工専門委員会」事務局宛て,https://www.sdrc.jp/contact-us/contact-form02
お問い合わせ｜株式会社アブクマ｜いわき工場,http://www.jp-abukuma.com/contact/
お問い合わせ - 藤目鈑金塗装専門工場,http://www.fujime-bankin.com/cathand/otoiawase.php?serial=10645
お問い合わせ - 幸せ夢工場,https://www.yumekoujyou.com/contact/
お問い合わせ｜工場向け熱中症対策COOLEX - 鎌倉製作所,https://coolex.jp/contact/
鋳物製造・鋳造に関するお問い合わせ｜京都の鋳造工場 株式 ...,https://shiono-cast.com/contactus/
お問い合わせ - ラバー製品日本工場 株式会社TLT,http://www.t-l-t.jp/contact/index.html
キリンビール 福岡工場｜キリンの工場見学｜体験・おでかけ,https://www.kirin.co.jp/experience/factory/fukuoka/
工場見学 - 崎陽軒,https://kiyoken.com/factory/
お問い合わせ | 藤井電工 工場・商業施設・店舗・住宅の電気工事,http://fujii-denkou.co.jp/contact/
お問い合わせ | ファクトリア Factoria 工場・倉庫の建築建設の ...,https://factoria.jp/contact/
工場・物件の見学 / 取材のお問い合わせ | HOTTA CARPET,https://hdc.co.jp/factory-tour/
お問い合せ - シーエム工場。,http://www.cmw.co.jp/enquiry.html
工場見学のお申込み受付 - 中央ネームプレート製作所,https://www.cnpnet.co.jp/hp/inspection.html
お問い合わせ - カーセブン名古屋北店,https://www.carseven-toukai.com/contact/
歯車・各種ギヤの専門工場 カツミ工作所 お問い合わせ,http://katsumi-gear.com/form/index.html
お問い合わせ - 御座候,https://www.gozasoro.co.jp/contact
お問い合わせ | 淡路島炒め玉葱工場 - ソテーオニオンの都冷蔵,https://miyakoreizo.co.jp/inquiry/
お問い合わせ｜工場向けアプリの制作はアイデアツール,https://www.ideatool.co.jp/contact/
お問い合わせ｜東京電力パワーグリッド株式会社,https://www.tepco.co.jp/pg/user/contact.html
工場見学のお問い合わせ - 三和企商,https://www.sanwakisho.co.jp/contact/kengaku
サントリー ホームページ,https://www.suntory.co.jp/
サポート・お問い合わせ | 京セラ株式会社,https://www.kyocera.co.jp/inquiry/
株式会社広岡鉄工,https://www.hirooka-t.co.jp/
工場見学 - 鋳物の製造および後加工のご相談など鋳物のこと ...,https://www.e-santoku.co.jp/openfactory/
処理施設 / 東港金属株式会社,https://www.tokometal.co.jp/facilities/
WEB工場見学｜東芝環境ソリューション株式会社,https://www.toshiba-tesc.co.jp/factorytour/index.htm
【公式】損保ジャパン,https://www.sompo-japan.co.jp/
[2]業務改善助成金：中小企業・小規模事業者の生産性向上の ...,https://www.mhlw.go.jp/stf/seisakunitsuite/bunya/koyou_roudou/roudoukijun/zigyonushi/shienjigyou/03.html
工場案内｜日本ゼトックの誇り,https://www.zettoc.co.jp/style/factory/
（製造サポート） | 製造依頼できる工場をご案内します,https://www.machicoco.co.jp/create-2
工場訪問時のよくある質問,https://www.pccp.co.jp/advantage/faq-factory-visits.html
WEB工場見学 - ヤマセグループ,https://www.yamase-net.co.jp/movie/
当社弘前工場閉鎖のお知らせ - 天馬,https://www.tenmacorp.co.jp/tenmacorp/wp-content/uploads/2022/11/%E5%BD%93%E7%A4%BE%E5%BC%98%E5%89%8D%E5%B7%A5%E5%A0%B4%E9%96%89%E9%8E%96%E3%81%AE%E3%81%8A%E7%9F%A5%E3%82%89%E3%81%9B_v3.pdf
インドネシアに空調機の生産工場を設立 - ダイキン工業,https://www.daikin.co.jp/press/2022/20221118
土地 燕市 大関 （燕三条駅 ） 工場用地 - アットホーム,https://www.athome.co.jp/tochi/6977817399/
オンライン工場見学|金属熱処理 即日見積！武藤工業株式会社,https://www.mt-k.com/zoom/
株式会社LIXIL | 住まいと暮らしの総合住生活企業,https://www.lixil.co.jp/
BTS HYBE ラキドロ トレカ JIMIN インザソムカード付き,https://www.hallo.tv/game/list.php?hyposmia=537017437&g3HS5=1067758
工場QCサポート - 一般財団法人ボーケン品質評価機構,https://www.boken.or.jp/support/factory_quality_control/
WEB工場見学-(株)MRT,http://www.mrt70.com/factory/index.html
中国事業本部が第21回中国地区技術交流会を開催しました,https://www.jfe-shoji.co.jp/voyage/5247/
ドンキー満喫セット,https://www.bikkuri-donkey.com/mankitsu_special_2022/
魔女工場のおすすめキャンペーン情報 - アットコスメ,https://www.cosme.net/brand/brand_id/107893/tieup/107893202211-01/page/page.html
振動発生施設に関する届出 - 延岡市公式ホームページ,https://www.city.nobeoka.miyazaki.jp/soshiki/24/22458.html
工場見学後によくあるご質問 - オムロン京都太陽株式会社,https://www.kyoto-taiyo.omron.co.jp/faq/after.html
【姫路】「岡野食品 工場直売店 車崎」がオープン ... - TANOSU,https://tanosu.com/bread/127881/
徳山コーヒーボーイ。山口県で自家焙煎コーヒー豆の直売と ...,https://www.coffeeboy.co.jp/contact-wholesale-thanks/
工場・物流にワイヤレスコール｜無線アンドンのパシフィック ...,https://www.sonnettekun.com/example/factory/
日鉄ドラム柳井工場完成/12月から月6～7万本生産 / 山口 ...,https://yama.minato-yamaguchi.co.jp/e-yama/articles/51062
ポリビニルピロリドン(PVP)を医薬品 GMP 認定工場で国内 ...,https://www.dks-web.co.jp/updata/n_pdf/20221125.pdf
【ETRO】オーナメンタル ペイズリー プリント セーター,https://www.lindopulito.it/scrambledgizmu/dgg52.html
【FENDI】 ホワイト テリー バケット ハット ロゴ - Lindo Pulito,https://www.lindopulito.it/descendantsrm3ts/f69g.html
大同生命がバイオマスベンチャーと製粉工場をマッチングする ...,https://www.sbbit.jp/article/fj/95879
令和2年度ダイオキシン類の測定結果について - 福岡県庁 ...,https://www.pref.fukuoka.lg.jp/contents/r2dioxin.html
JR常磐線 赤塚駅 3階建 新築 - SUUMO,https://suumo.jp/chintai/jnc_000078397036/
賃貸マンション JR東海道・山陽本線 摩耶駅 徒歩11分 取扱い ...,https://www.homes.co.jp/chintai/b-1461310030302/
産業機能性材料関連製品の価格改定について - 住友ベークライト,https://www.sumibe.co.jp/topics/2022/plate/1122_01/index.html
冬の訪れを感じさせてくれるフレッシュな柚子の香り ...,https://presswalker.jp/press/5522
「そうじの力」で社員定着率が向上した！株式会社マツバラ ...,https://www.soujinochikara.com/intro/intro-1234/
お問い合わせ窓口 格安スマホ/格安SIMはUQ ... - UQ mobile,https://www.uqwimax.jp/mobile/support/contact/
工場直送 COOLPIX | AW130 - sempremaisestetica.com.br,https://sempremaisestetica.com.br/740_6297.html
電話・メールでのお問い合わせ - 電気・建築設備（ビジネス）,https://www2.panasonic.biz/jp/support/call/
お問い合わせ | サポート | FAX（ファックス） - Panasonic,https://panasonic.jp/fax/support/contact.html
お問い合わせ - 名鉄観光サービス,https://www.mwt.co.jp/other/ask.shtml
お問い合わせ - 株式会社GENOVA｜ヒトと医療をつなぐ,https://genova.co.jp/contact
お問い合わせの傾向を分析し、業務改善のアイデアを考えよう,https://tayori.com/blog/ideas-for-improvement/
https://web.gogo.jp/vard-factory/form/contact,https://web.gogo.jp/vard-factory/form/contact
