がんばる農業者紹介 - 農の宝島!!とくしま,https://tokushima-shuno.jp/farmers/
徳島県の生産者一覧 - 食べチョク,https://www.tabechoku.com/producers/tokushima
検索結果: - 徳島県農業法人協会,http://tokukaigi.or.jp/agl/?s=
農業｜徳島県ホームページ,https://www.pref.tokushima.lg.jp/kenseijoho/tokushimakennitsuite/tokushimakennosangyo/nogyo/
徳島農業支援センター,https://www.pref.tokushima.lg.jp/shien/tokushima/
田口農園徳島,https://taguchinouen-tokushima.com/
阿波ツクヨミファーム | 徳島県の自然栽培農家が運営する産直 ...,https://awatsukuyomi.com/
いちご農家西岡産業 - 自分の子供に食べさせたいものをつくる ...,http://nishioka3gyou.com/
徳島で農業始めませんか!?『とくしま就農スタート研修』,https://tokushima-iju.jp/docs/3313.html
農業分野 - とくしま農林水産未来人材スクール,https://aff-tokushima.jp/agriculture-academy/
徳島県で水耕栽培、新しい農業・農家のあり方,https://pasona-nouentai.co.jp/start/casestudy/277
徳島県,http://www.machimura.maff.go.jp/machi/contents/36/index.html
野本農園 | ケール専門農家,https://nomotofarm.com/
農業委員会総会等の会議録：徳島市公式ウェブサイト,https://www.city.tokushima.tokushima.jp/shisei/keizai/nousui/nogyo_kaigiroku/index.html
徳島の農業体験ランキングTOP10 - じゃらんNet,https://www.jalan.net/kankou/360000/g2_66/
徳島県農業開発公社,http://www.tokushima-kousha.jp/
青年農業者等育成センター - 徳島県農業開発公社,http://www.tokushima-kousha.jp/center/
徳島 - 公益社団法人 日本農業法人協会,https://hojin.or.jp/common/tokushima-html/
徳島県立農林水産総合支援センター農業大学校,https://www.tonodai.ac.jp/
NOSAI徳島 （徳島県農業共済組合）,https://www.nosai-tokushima.jp/
農家民宿 -ゆずの里- いづみ - 徳島県 - Stay Japan,https://stayjapan.com/area/tokushima/mima/pr/1819
JA徳島市公式ホームページ,https://ja-tcc.or.jp/
農家レストラン風和里 - 阿波ふうどまるごとサイト,https://awa-food-tokushima.com/archives/shop/460
JAバンク徳島,https://www.jabank-tokushima.or.jp/
農家の皆様へ！ 徳島県の「事業継続応援金」について - 阿波市,https://www.city.awa.lg.jp/docs/2022022400017/
みかん農家の宿あおとくる / 古書ブン - みかん農家が営む1日1 ...,https://aotokuru.com/
原田トマト/農家レストラン 星のしずく - 阿波市観光協会,https://www.awa-kankou.jp/odekake/haradatomato/
徳島県の農業委員会,https://www.nca.or.jp/mieruka/view/cities/pref/36
農業の税務・会計 - 徳島市 - 税理士法人マスエージェント,https://masagent.co.jp/service/agri/
こだわり農家直送 徳島県松家農園 有機 JAS認証ゆず使用 柚奈 ...,https://item.rakuten.co.jp/rakuten-farm/y-matsuka-set-baum3tea1/
徳島県の農業に関する補助金・助成金 - 株式会社ファントゥ,https://www.fan-to.com/%E5%BE%B3%E5%B3%B6%E7%9C%8C%E3%81%AE%E8%BE%B2%E6%A5%AD%E3%81%AB%E9%96%A2%E3%81%99%E3%82%8B%E8%A3%9C%E5%8A%A9%E9%87%91%E3%83%BB%E5%8A%A9%E6%88%90%E9%87%91/
農業教育学会 - 徳島県立城西高等学校,https://josei-hs.tokushima-ec.ed.jp/%E8%BE%B2%E6%A5%AD%E6%95%99%E8%82%B2%E5%AD%A6%E4%BC%9A-1
徳島県農業信用基金協会(公式ホームページ),http://tokushima-acfa.jp/
いちご農家 西岡産業（徳島県）｜モンベル,https://webshop.montbell.jp/goods/list.php?category=7032049
株式会社いろどり | 葉っぱの町上勝町から人と社会に喜びと ...,https://irodori.co.jp/
農家民宿クニ舛田ー徳島美波町の海辺にある農家民宿ですー,https://www.kuni-masuda.com/
徳島県 | 全国の農山漁村の体験・宿泊がさがせる,https://nohaku.net/area/tokushima/
農家ソムリエーずとは/農家ソムリエ―ず - なると金時,https://www.narutokintoki.com/
JA徳島中央会,https://tokuchu-ja.or.jp/
徳島剣山世界農業遺産推進協議会 | にし阿波の傾斜地農耕 ...,https://giahs-tokushima.jp/
上勝の農家民宿 山挨（やまあい）,https://kamikatsu.life/
おさっち。プレーン 300g(農家ソムリエ～ずの徳島県産なると ...,https://tokushima-shop.jp/?pid=142982986
ホテルたいよう農園 徳島県庁前（旧名称,https://hotel.taiyo-noen.com/tokushima/
徳島北農業協同組合(JA徳島北)｜徳島県鳴門市,http://www.ja-tokushimakita.jp/
徳島県担い手育成総合支援協議会 |,https://ninaite-tokushima.com/
Tファームいしい株式会社 | 徳島 次世代型農業によるトマト栽培,https://www.t-farm.jp/
農家様の声,https://www.leek.co.jp/about_leek/voice/
徳島県に関する記事一覧,https://aiagri.jp/category/%E5%BE%B3%E5%B3%B6%E7%9C%8C/
徳島県阿波市 中川農園 - こだわり農家直送便,https://kodawari-nouka.com/nakagawa
|||JA徳島厚生連|||,http://www.kouseiren.jp/
"Farmstyle Guesthouse aotokuru | 農家, 徳島, 古民家 - Pinterest",https://www.pinterest.co.uk/pin/669910513299532747/
農家民宿・歩危農園（ぼけのうえん）,http://www.ooboke-kudo1938.com/
阿波市のブロッコリー | 阿波市の農家さん紹介 - あわあぐり,https://awaagri.jp/farmers/item.cgi?Id=4
かいふ農業協同組合 人生を変える きゅうり。,http://www.miraikikin.org/activities/agriculture/kaifu.html
農家ソムリエ～ず（おさっち） | 安心堂 食のSELECTネット ...,https://anshindo-d.com/c/shop_category/shop_sweets/shop_sweets_snack/543
徳島県のお米直販農家 3件 - お米情報.com,http://okome-info.com/tyokuhan/tokusima/
佐那河内村で農業はじめませんか？ | 地域のトピックス,https://www.furusato-web.jp/topics/200833/
50．徳島 | 宇宙から見た日本の農業,https://www.naro.affrc.go.jp/archive/niaes/jspace/map50.html
すだち農家が教える！徳島県民ならではの活用方法＆使い方 ...,https://macaro-ni.jp/105006
樫山農園,https://kashiyama-farms.com/
そらの宿 磯貝 - 徳島県美馬郡つるぎ町で農業と農家民宿を営ん ...,https://soranoyadoisogai.business.site/
【第60回全国青年農業者会議】園芸・特産部門【徳島県】川添 ...,https://zenkyo4h.com/%E3%80%90%E7%AC%AC60%E5%9B%9E%E5%85%A8%E5%9B%BD%E9%9D%92%E5%B9%B4%E8%BE%B2%E6%A5%AD%E8%80%85%E4%BC%9A%E8%AD%B0%E3%80%91%E5%9C%92%E8%8A%B8%E3%83%BB%E7%89%B9%E7%94%A3%E9%83%A8%E9%96%80%E3%80%90%E5%BE%B3/
徳島での環境・農業系ボランティア募集 | activo（アクティボ）,https://activo.jp/tokushima/environment
徳島県施設農業協同組合連合会｜徳島県JA会＜公式＞,http://www.tok-jakaikan.jp/abnout.html
徳島県農業用廃プラスチック適正処理対策協議会,http://www.t-engei.jp/en/
東とくしま農業協同組合（公式ホームページ）,https://ja-higashitks.jp/
徳島県神山町で有機農業を始めてみませんか？農業研修生を ...,https://www.in-kamiyama.jp/recruitment/65107/
【農家応援】徳島県産うなぎ 蒲焼き3尾セット - JAタウン,https://www.ja-town.com/shop/g/g9104-982506/
徳島 いちご農家 西岡産業 勝占（かつら）いちご 特別梱包,https://www.g-call.com/shopping/goods/detail.php?gdp_no=20586
小川 切り花農家（中馬詰の畑）（おがわ きりばなのうか ...,https://drive.nissan.co.jp/SPOT/detail.php?spot_id=43746
さとう農園 – 種苗・農薬・農業資材の販売店です,http://www.satounouen.co.jp/
株式会社 アグリベスト - フルーツトマトの販売、栽培【徳島県 ...,http://www.agribest.jp/
【徳島】絶景とヘルシーランチが楽しめる！ 山の上の農家 ...,https://itta.me/article/11738/
徳島の農家民宿検索 - origami,https://origami-book.jp/building_list_pr36_ca03.html
にし阿波世界農業遺産 徳島県三好市東祖谷 雑穀の伝統を ...,https://miyoshi-city.jp/2021/07/7409/
徳島県の農業･林業の補助金、助成金、給付金一覧,https://www.smart-hojokin.jp/subsidy/prefectures/36/industries/1
国府町農事放送農業協同組合（公式ホームページ）,https://kbctv.ne.jp/
亀底の養蚕農家（徳島県阿波市阿波町亀底）- 日本すきま漫遊記,https://www.sukima.com/21_tokei/52yosan.html
徳島県における 花き農家の現状と課題 報告書,https://www.j-smeca.jp/attach/kenkyu/shibu/H18/h_tokushima.pdf
「締りが良く純白な川内産カリフラワー」－月報 野菜情報,https://vegetable.alic.go.jp/yasaijoho/santi/1003_santi1.html
とくしま有機農業サポートセンター - アグリナジカン,https://agrinajikan.jp/nihon/list/90
徳島県で「有機農家になりたい本気合宿」,https://yuki-hajimeru.net/?p=12300
「徳島県(とくしま)」で農作物を生産する「農家/農業生産者」さん ...,https://japancrops.com/prefectures/tokushima/farmers/
移住就農するなら海部きゅうり塾へ！海部エリアで始める ...,https://go-migishita.com/2019/02/2111/
徳島県 - マーマーな農家サイト,https://www.murmur-farm.com/%E5%BE%B3%E5%B3%B6%E7%9C%8C
徳島耕畜連携型農業研究会,http://shiehishii.haru.gs/koutiku/
徳島県勝浦町／「農業、交流、定住のまち」づくりを目指して,https://www.zck.or.jp/site/forum/1295.html
徳島県の農家民宿 - 香川県,https://www.pref.kagawa.lg.jp/nosonseibi/green/minsyuku/tokushima2.html
【徳島県の農家さん】農機具購入・買い換えるのに補助金が ...,https://www.agri-ya.jp/column/2021/10/22/agricultural-equipment-subsidy-of-tokishima/
農家がお米の通販 中田ファーム直販店,https://henojimai.cart.fc2.com/
園芸 | JA全農とくしま,https://www.zennoh.or.jp/tm/farm/
自然とともに 人とともに 里山有機農業 | 特集 - イーストとくしま,https://www.east-tokushima.jp/feature/detail.php?id=100
01.徳島県の農業と文化、郷土芸能 - ふるさとに生きる,https://furusato-ikiru.com/chapter/tokushima/detail-1814/
JA共済,https://www.ja-kyosai.or.jp/
農業の魅力を発信し若手育成に力を入れる - 徳島新聞,https://www.topics.or.jp/articles/-/595361
徳島で遊ぼう！ しげ『徳島の畑で、京野菜とさけぶ』の巻,https://awawa.app/pages/article_detail.php?report_no=1286&app_no=51&tab_no=0
山間傾斜地の伝統農法で作る、究極のベジタリアン料理を実食 ...,https://tabizine.jp/2019/12/15/307090/
「徳島県三好市：「三好市農業継続応援給付金」」,https://hojyokin-portal.jp/subsidies/24248
festivo 農業Camp ~徳島の若手農夫婦のもとで1日3時間,http://festivo.org/fac-tokushima
08 徳島は宣言する。この土地の「食」は、幸せをもたらす ...,https://www.vs-tokyo.jp/concept/8/
「世界農業遺産」へ認定！ 伝統守る美しい農地,https://agrijournal.jp/aj-market/37862/
プレゼント｜消費者のみなさまへ - JA全農ふくれん,https://zennoh-fukuren.jp/consumer/present/
日本政策金融公庫,https://www.jfc.go.jp/
徳島大正銀行,https://www.tokugin.co.jp/
長崎ちゃんぽん リンガーハット,https://www.ringerhut.jp/
JAバンク: 店舗・ATM検索,https://map.jabank.org/
雇用保険料率について - 厚生労働省,https://www.mhlw.go.jp/stf/seisakunitsuite/bunya/0000108634.html
徳島でへの字稲作 コシヒカリ,http://jyuku3.blog.fc2.com/
ふるさと納税ポータルサイト - 総務省,https://www.soumu.go.jp/main_sosiki/jichi_zeisei/czaisei/czaisei_seido/080430_2_kojin.html
東進の 大学入試問題 過去問データベース | 大学受験の予備校 ...,https://www.toshin-kakomon.com/
被扶養者とは？ | こんな時に健保 - 全国健康保険協会,https://www.kyoukaikenpo.or.jp/g3/cat320/sb3160/sbb3163/1959-230/
『アサヒスーパードライ 佐那河内村誕生千年記念デザイン缶 ...,https://www.jpubb.com/press/3315485/
ポケットマルシェ｜産直(産地直送)通販 - 旬の果物・野菜 ...,https://poke-m.com/
給食にコオロギを導入！？徳島県の高校とベンチャー企業,https://www.gewater.com/school-lunch-cricket/
［手続名］個人事業の開業届出・廃業届出等手続 - 国税庁,https://www.nta.go.jp/taxes/tetsuzuki/shinsei/annai/shinkoku/annai/04.htm
家族農家支援のノウタス、CROに長野陸氏 - 松本経済新聞,https://matsumoto.keizai.biz/release/162415/
石井町商工会,http://www.tsci.or.jp/ishii/
とくしま6次産業化総合サポート | 販路開拓をしたい,https://www.our-think.or.jp/313598/
