農家レストラン風和里 - 阿波ふうどまるごとサイト,https://awa-food-tokushima.com/archives/shop/460
JA徳島市公式ホームページ,https://ja-tcc.or.jp/
JAバンク徳島,https://www.jabank-tokushima.or.jp/
農家民宿 -ゆずの里- いづみ - 徳島県 - Stay Japan,https://stayjapan.com/area/tokushima/mima/pr/1819
NOSAI徳島 （徳島県農業共済組合）,https://www.nosai-tokushima.jp/
農家の皆様へ！ 徳島県の「事業継続応援金」について - 阿波市,https://www.city.awa.lg.jp/docs/2022022400017/
みかん農家の宿あおとくる / 古書ブン - みかん農家が営む1日1 ...,https://aotokuru.com/
原田トマト/農家レストラン 星のしずく - 阿波市観光協会,https://www.awa-kankou.jp/odekake/haradatomato/
徳島県の農業委員会,https://www.nca.or.jp/mieruka/view/cities/pref/36
農業の税務・会計 - 徳島市 - 税理士法人マスエージェント,https://masagent.co.jp/service/agri/
こだわり農家直送 徳島県松家農園 有機 JAS認証ゆず使用 柚奈 ...,https://item.rakuten.co.jp/rakuten-farm/y-matsuka-set-baum3tea1/
徳島県の農業に関する補助金・助成金 - 株式会社ファントゥ,https://www.fan-to.com/%E5%BE%B3%E5%B3%B6%E7%9C%8C%E3%81%AE%E8%BE%B2%E6%A5%AD%E3%81%AB%E9%96%A2%E3%81%99%E3%82%8B%E8%A3%9C%E5%8A%A9%E9%87%91%E3%83%BB%E5%8A%A9%E6%88%90%E9%87%91/
農業教育学会 - 徳島県立城西高等学校,https://josei-hs.tokushima-ec.ed.jp/%E8%BE%B2%E6%A5%AD%E6%95%99%E8%82%B2%E5%AD%A6%E4%BC%9A-1
いちご農家 西岡産業（徳島県）｜モンベル,https://webshop.montbell.jp/goods/list.php?category=7032049
株式会社いろどり | 葉っぱの町上勝町から人と社会に喜びと ...,https://irodori.co.jp/
農家民宿クニ舛田ー徳島美波町の海辺にある農家民宿ですー,https://www.kuni-masuda.com/
